[debug] [2026-09-08T16:17:59.351Z] ----------------------------------------------------------------------
[debug] [2026-09-08T16:17:59.354Z] Command:       /home/chris/.nvm/versions/node/v22.23.2/bin/node /home/chris/.nvm/versions/node/v22.23.2/bin/firebase --project remix-studio-4bf8a apps:list
[debug] [2026-09-08T16:17:59.354Z] CLI Version:   15.28.1
[debug] [2026-09-08T16:17:59.355Z] Platform:      linux
[debug] [2026-09-08T16:17:59.355Z] Node Version:  v22.23.2
[debug] [2026-09-08T16:17:59.355Z] Detected Agent: unknown
[debug] [2026-09-08T16:17:59.356Z] Time:          Tue Sep 08 2026 11:17:59 GMT-0500 (Central Daylight Time)
[debug] [2026-09-08T16:17:59.356Z] ----------------------------------------------------------------------
[debug] 
[debug] [2026-09-08T16:17:59.862Z] > command requires scopes: ["email","openid","https://www.googleapis.com/auth/cloudplatformprojects.readonly","https://www.googleapis.com/auth/firebase","https://www.googleapis.com/auth/cloud-platform"]
[debug] [2026-09-08T16:17:59.862Z] > authorizing via signed-in user (nthntjrn@gmail.com)
[debug] [2026-09-08T16:17:59.883Z] Checked if tokens are valid: true, expires at: 1788887809730
[debug] [2026-09-08T16:17:59.884Z] Checked if tokens are valid: true, expires at: 1788887809730
[debug] [2026-09-08T16:17:59.885Z] >>> [apiv2][query] GET https://firebase.googleapis.com/v1beta1/projects/remix-studio-4bf8a:searchApps pageSize=100
[debug] [2026-09-08T16:18:00.175Z] <<< [apiv2][status] GET https://firebase.googleapis.com/v1beta1/projects/remix-studio-4bf8a:searchApps 200
[debug] [2026-09-08T16:18:00.176Z] <<< [apiv2][body] GET https://firebase.googleapis.com/v1beta1/projects/remix-studio-4bf8a:searchApps {"apps":[{"name":"projects/remix-studio-4bf8a/webApps/1:220851113113:web:bb3cd4e44f478d3925fc08","displayName":"remix-studio","platform":"WEB","appId":"1:220851113113:web:bb3cd4e44f478d3925fc08","namespace":"NTQwMGY2YTMtNWU0OS00NzU1LTg2N2UtOWJlYzU5ZTRlYTNj","apiKeyId":"4fa6fe33-0810-4dbd-ad21-b12e164bfafb","state":"ACTIVE","expireTime":"1970-01-01T00:00:00Z"}]}
[info] ┌──────────────────┬───────────────────────────────────────────┬──────────┐
│ App Display Name │ App ID                                    │ Platform │
├──────────────────┼───────────────────────────────────────────┼──────────┤
│ remix-studio     │ 1:220851113113:web:bb3cd4e44f478d3925fc08 │ WEB      │
└──────────────────┴───────────────────────────────────────────┴──────────┘
[info] 
[info] 1 app(s) total.
[debug] [2026-09-08T16:18:00.209Z] Error: write EPIPE
    at afterWriteDispatched (node:internal/stream_base_commons:159:15)
    at writeGeneric (node:internal/stream_base_commons:150:3)
    at Socket._writeGeneric (node:net:967:11)
    at Socket._write (node:net:979:8)
    at writeOrBuffer (node:internal/streams/writable:572:12)
    at _write (node:internal/streams/writable:501:10)
    at Writable.write (node:internal/streams/writable:510:10)
    at Console.log (/home/chris/.nvm/versions/node/v22.23.2/lib/node_modules/firebase-tools/node_modules/winston/lib/winston/transports/console.js:87:23)
    at Console._write (/home/chris/.nvm/versions/node/v22.23.2/lib/node_modules/firebase-tools/node_modules/winston-transport/modern.js:103:17)
    at doWrite (/home/chris/.nvm/versions/node/v22.23.2/lib/node_modules/firebase-tools/node_modules/winston-transport/node_modules/readable-stream/lib/_stream_writable.js:390:139)
[error] 
[error] Error: An unexpected error has occurred.
[debug] [2026-09-08T16:18:00.211Z] Error: write EPIPE
    at afterWriteDispatched (node:internal/stream_base_commons:159:15)
    at writeGeneric (node:internal/stream_base_commons:150:3)
    at Socket._writeGeneric (node:net:967:11)
    at Socket._write (node:net:979:8)
    at writeOrBuffer (node:internal/streams/writable:572:12)
    at _write (node:internal/streams/writable:501:10)
    at Writable.write (node:internal/streams/writable:510:10)
    at Console.log (/home/chris/.nvm/versions/node/v22.23.2/lib/node_modules/firebase-tools/node_modules/winston/lib/winston/transports/console.js:87:23)
    at Console._write (/home/chris/.nvm/versions/node/v22.23.2/lib/node_modules/firebase-tools/node_modules/winston-transport/modern.js:103:17)
    at doWrite (/home/chris/.nvm/versions/node/v22.23.2/lib/node_modules/firebase-tools/node_modules/winston-transport/node_modules/readable-stream/lib/_stream_writable.js:390:139)
[error] 
[error] Error: An unexpected error has occurred.
[debug] [2026-09-08T16:18:00.213Z] Error: write EPIPE
    at afterWriteDispatched (node:internal/stream_base_commons:159:15)
    at writeGeneric (node:internal/stream_base_commons:150:3)
    at Socket._writeGeneric (node:net:967:11)
    at Socket._write (node:net:979:8)
    at writeOrBuffer (node:internal/streams/writable:572:12)
    at _write (node:internal/streams/writable:501:10)
    at Writable.write (node:internal/streams/writable:510:10)
    at Console.log (/home/chris/.nvm/versions/node/v22.23.2/lib/node_modules/firebase-tools/node_modules/winston/lib/winston/transports/console.js:87:23)
    at Console._write (/home/chris/.nvm/versions/node/v22.23.2/lib/node_modules/firebase-tools/node_modules/winston-transport/modern.js:103:17)
    at doWrite (/home/chris/.nvm/versions/node/v22.23.2/lib/node_modules/firebase-tools/node_modules/winston-transport/node_modules/readable-stream/lib/_stream_writable.js:390:139)
[error] 
[error] Error: An unexpected error has occurred.
[debug] [2026-09-08T16:18:00.215Z] Error: write EPIPE
    at afterWriteDispatched (node:internal/stream_base_commons:159:15)
    at writeGeneric (node:internal/stream_base_commons:150:3)
    at Socket._writeGeneric (node:net:967:11)
    at Socket._write (node:net:979:8)
    at writeOrBuffer (node:internal/streams/writable:572:12)
    at _write (node:internal/streams/writable:501:10)
    at Writable.write (node:internal/streams/writable:510:10)
    at Console.log (/home/chris/.nvm/versions/node/v22.23.2/lib/node_modules/firebase-tools/node_modules/winston/lib/winston/transports/console.js:87:23)
    at Console._write (/home/chris/.nvm/versions/node/v22.23.2/lib/node_modules/firebase-tools/node_modules/winston-transport/modern.js:103:17)
    at doWrite (/home/chris/.nvm/versions/node/v22.23.2/lib/node_modules/firebase-tools/node_modules/winston-transport/node_modules/readable-stream/lib/_stream_writable.js:390:139)
[error] 
[error] Error: An unexpected error has occurred.
[debug] [2026-09-08T16:18:00.216Z] Error: write EPIPE
    at afterWriteDispatched (node:internal/stream_base_commons:159:15)
    at writeGeneric (node:internal/stream_base_commons:150:3)
    at Socket._writeGeneric (node:net:967:11)
    at Socket._write (node:net:979:8)
    at writeOrBuffer (node:internal/streams/writable:572:12)
    at _write (node:internal/streams/writable:501:10)
    at Writable.write (node:internal/streams/writable:510:10)
    at Console.log (/home/chris/.nvm/versions/node/v22.23.2/lib/node_modules/firebase-tools/node_modules/winston/lib/winston/transports/console.js:87:23)
    at Console._write (/home/chris/.nvm/versions/node/v22.23.2/lib/node_modules/firebase-tools/node_modules/winston-transport/modern.js:103:17)
    at doWrite (/home/chris/.nvm/versions/node/v22.23.2/lib/node_modules/firebase-tools/node_modules/winston-transport/node_modules/readable-stream/lib/_stream_writable.js:390:139)
[error] 
[error] Error: An unexpected error has occurred.
[debug] [2026-09-08T16:18:00.218Z] Error: write EPIPE
    at afterWriteDispatched (node:internal/stream_base_commons:159:15)
    at writeGeneric (node:internal/stream_base_commons:150:3)
    at Socket._writeGeneric (node:net:967:11)
    at Socket._write (node:net:979:8)
    at writeOrBuffer (node:internal/streams/writable:572:12)
    at _write (node:internal/streams/writable:501:10)
    at Writable.write (node:internal/streams/writable:510:10)
    at Console.log (/home/chris/.nvm/versions/node/v22.23.2/lib/node_modules/firebase-tools/node_modules/winston/lib/winston/transports/console.js:87:23)
    at Console._write (/home/chris/.nvm/versions/node/v22.23.2/lib/node_modules/firebase-tools/node_modules/winston-transport/modern.js:103:17)
    at doWrite (/home/chris/.nvm/versions/node/v22.23.2/lib/node_modules/firebase-tools/node_modules/winston-transport/node_modules/readable-stream/lib/_stream_writable.js:390:139)
[error] 
[error] Error: An unexpected error has occurred.
[debug] [2026-09-08T16:18:00.219Z] Error: write EPIPE
    at afterWriteDispatched (node:internal/stream_base_commons:159:15)
    at writeGeneric (node:internal/stream_base_commons:150:3)
    at Socket._writeGeneric (node:net:967:11)
    at Socket._write (node:net:979:8)
    at writeOrBuffer (node:internal/streams/writable:572:12)
    at _write (node:internal/streams/writable:501:10)
    at Writable.write (node:internal/streams/writable:510:10)
    at Console.log (/home/chris/.nvm/versions/node/v22.23.2/lib/node_modules/firebase-tools/node_modules/winston/lib/winston/transports/console.js:87:23)
    at Console._write (/home/chris/.nvm/versions/node/v22.23.2/lib/node_modules/firebase-tools/node_modules/winston-transport/modern.js:103:17)
    at doWrite (/home/chris/.nvm/versions/node/v22.23.2/lib/node_modules/firebase-tools/node_modules/winston-transport/node_modules/readable-stream/lib/_stream_writable.js:390:139)
[error] 
[error] Error: An unexpected error has occurred.
[debug] [2026-09-08T16:18:00.220Z] Error: write EPIPE
    at afterWriteDispatched (node:internal/stream_base_commons:159:15)
    at writeGeneric (node:internal/stream_base_commons:150:3)
    at Socket._writeGeneric (node:net:967:11)
    at Socket._write (node:net:979:8)
    at writeOrBuffer (node:internal/streams/writable:572:12)
    at _write (node:internal/streams/writable:501:10)
    at Writable.write (node:internal/streams/writable:510:10)
    at Console.log (/home/chris/.nvm/versions/node/v22.23.2/lib/node_modules/firebase-tools/node_modules/winston/lib/winston/transports/console.js:87:23)
    at Console._write (/home/chris/.nvm/versions/node/v22.23.2/lib/node_modules/firebase-tools/node_modules/winston-transport/modern.js:103:17)
    at doWrite (/home/chris/.nvm/versions/node/v22.23.2/lib/node_modules/firebase-tools/node_modules/winston-transport/node_modules/readable-stream/lib/_stream_writable.js:390:139)
[error] 
[error] Error: An unexpected error has occurred.
[debug] [2026-09-08T16:18:00.221Z] Error: write EPIPE
    at afterWriteDispatched (node:internal/stream_base_commons:159:15)
    at writeGeneric (node:internal/stream_base_commons:150:3)
    at Socket._writeGeneric (node:net:967:11)
    at Socket._write (node:net:979:8)
    at writeOrBuffer (node:internal/streams/writable:572:12)
    at _write (node:internal/streams/writable:501:10)
    at Writable.write (node:internal/streams/writable:510:10)
    at Console.log (/home/chris/.nvm/versions/node/v22.23.2/lib/node_modules/firebase-tools/node_modules/winston/lib/winston/transports/console.js:87:23)
    at Console._write (/home/chris/.nvm/versions/node/v22.23.2/lib/node_modules/firebase-tools/node_modules/winston-transport/modern.js:103:17)
    at doWrite (/home/chris/.nvm/versions/node/v22.23.2/lib/node_modules/firebase-tools/node_modules/winston-transport/node_modules/readable-stream/lib/_stream_writable.js:390:139)
[error] 
[error] Error: An unexpected error has occurred.
[debug] [2026-09-08T16:18:00.222Z] Error: write EPIPE
    at afterWriteDispatched (node:internal/stream_base_commons:159:15)
    at writeGeneric (node:internal/stream_base_commons:150:3)
    at Socket._writeGeneric (node:net:967:11)
    at Socket._write (node:net:979:8)
    at writeOrBuffer (node:internal/streams/writable:572:12)
    at _write (node:internal/streams/writable:501:10)
    at Writable.write (node:internal/streams/writable:510:10)
    at Console.log (/home/chris/.nvm/versions/node/v22.23.2/lib/node_modules/firebase-tools/node_modules/winston/lib/winston/transports/console.js:87:23)
    at Console._write (/home/chris/.nvm/versions/node/v22.23.2/lib/node_modules/firebase-tools/node_modules/winston-transport/modern.js:103:17)
    at doWrite (/home/chris/.nvm/versions/node/v22.23.2/lib/node_modules/firebase-tools/node_modules/winston-transport/node_modules/readable-stream/lib/_stream_writable.js:390:139)
[error] 
[error] Error: An unexpected error has occurred.
[debug] [2026-09-08T16:18:00.222Z] Error: write EPIPE
    at afterWriteDispatched (node:internal/stream_base_commons:159:15)
    at writeGeneric (node:internal/stream_base_commons:150:3)
    at Socket._writeGeneric (node:net:967:11)
    at Socket._write (node:net:979:8)
    at writeOrBuffer (node:internal/streams/writable:572:12)
    at _write (node:internal/streams/writable:501:10)
    at Writable.write (node:internal/streams/writable:510:10)
    at Console.log (/home/chris/.nvm/versions/node/v22.23.2/lib/node_modules/firebase-tools/node_modules/winston/lib/winston/transports/console.js:87:23)
    at Console._write (/home/chris/.nvm/versions/node/v22.23.2/lib/node_modules/firebase-tools/node_modules/winston-transport/modern.js:103:17)
    at doWrite (/home/chris/.nvm/versions/node/v22.23.2/lib/node_modules/firebase-tools/node_modules/winston-transport/node_modules/readable-stream/lib/_stream_writable.js:390:139)
[error] 
[error] Error: An unexpected error has occurred.
[debug] [2026-09-08T16:18:00.223Z] Error: write EPIPE
    at afterWriteDispatched (node:internal/stream_base_commons:159:15)
    at writeGeneric (node:internal/stream_base_commons:150:3)
    at Socket._writeGeneric (node:net:967:11)
    at Socket._write (node:net:979:8)
    at writeOrBuffer (node:internal/streams/writable:572:12)
    at _write (node:internal/streams/writable:501:10)
    at Writable.write (node:internal/streams/writable:510:10)
    at Console.log (/home/chris/.nvm/versions/node/v22.23.2/lib/node_modules/firebase-tools/node_modules/winston/lib/winston/transports/console.js:87:23)
    at Console._write (/home/chris/.nvm/versions/node/v22.23.2/lib/node_modules/firebase-tools/node_modules/winston-transport/modern.js:103:17)
    at doWrite (/home/chris/.nvm/versions/node/v22.23.2/lib/node_modules/firebase-tools/node_modules/winston-transport/node_modules/readable-stream/lib/_stream_writable.js:390:139)
[error] 
[error] Error: An unexpected error has occurred.
[debug] [2026-09-08T16:18:00.226Z] Error: write EPIPE
    at afterWriteDispatched (node:internal/stream_base_commons:159:15)
    at writeGeneric (node:internal/stream_base_commons:150:3)
    at Socket._writeGeneric (node:net:967:11)
    at Socket._write (node:net:979:8)
    at writeOrBuffer (node:internal/streams/writable:572:12)
    at _write (node:internal/streams/writable:501:10)
    at Writable.write (node:internal/streams/writable:510:10)
    at Console.log (/home/chris/.nvm/versions/node/v22.23.2/lib/node_modules/firebase-tools/node_modules/winston/lib/winston/transports/console.js:87:23)
    at Console._write (/home/chris/.nvm/versions/node/v22.23.2/lib/node_modules/firebase-tools/node_modules/winston-transport/modern.js:103:17)
    at doWrite (/home/chris/.nvm/versions/node/v22.23.2/lib/node_modules/firebase-tools/node_modules/winston-transport/node_modules/readable-stream/lib/_stream_writable.js:390:139)
[error] 
[error] Error: An unexpected error has occurred.
[debug] [2026-09-08T16:18:00.227Z] Error: write EPIPE
    at afterWriteDispatched (node:internal/stream_base_commons:159:15)
    at writeGeneric (node:internal/stream_base_commons:150:3)
    at Socket._writeGeneric (node:net:967:11)
    at Socket._write (node:net:979:8)
    at writeOrBuffer (node:internal/streams/writable:572:12)
    at _write (node:internal/streams/writable:501:10)
    at Writable.write (node:internal/streams/writable:510:10)
    at Console.log (/home/chris/.nvm/versions/node/v22.23.2/lib/node_modules/firebase-tools/node_modules/winston/lib/winston/transports/console.js:87:23)
    at Console._write (/home/chris/.nvm/versions/node/v22.23.2/lib/node_modules/firebase-tools/node_modules/winston-transport/modern.js:103:17)
    at doWrite (/home/chris/.nvm/versions/node/v22.23.2/lib/node_modules/firebase-tools/node_modules/winston-transport/node_modules/readable-stream/lib/_stream_writable.js:390:139)
[error] 
[error] Error: An unexpected error has occurred.
[debug] [2026-09-08T16:18:00.228Z] Error: write EPIPE
    at afterWriteDispatched (node:internal/stream_base_commons:159:15)
    at writeGeneric (node:internal/stream_base_commons:150:3)
    at Socket._writeGeneric (node:net:967:11)
    at Socket._write (node:net:979:8)
    at writeOrBuffer (node:internal/streams/writable:572:12)
    at _write (node:internal/streams/writable:501:10)
    at Writable.write (node:internal/streams/writable:510:10)
    at Console.log (/home/chris/.nvm/versions/node/v22.23.2/lib/node_modules/firebase-tools/node_modules/winston/lib/winston/transports/console.js:87:23)
    at Console._write (/home/chris/.nvm/versions/node/v22.23.2/lib/node_modules/firebase-tools/node_modules/winston-transport/modern.js:103:17)
    at doWrite (/home/chris/.nvm/versions/node/v22.23.2/lib/node_modules/firebase-tools/node_modules/winston-transport/node_modules/readable-stream/lib/_stream_writable.js:390:139)
[error] 
[error] Error: An unexpected error has occurred.
[debug] [2026-09-08T16:18:00.228Z] Error: write EPIPE
    at afterWriteDispatched (node:internal/stream_base_commons:159:15)
    at writeGeneric (node:internal/stream_base_commons:150:3)
    at Socket._writeGeneric (node:net:967:11)
    at Socket._write (node:net:979:8)
    at writeOrBuffer (node:internal/streams/writable:572:12)
    at _write (node:internal/streams/writable:501:10)
    at Writable.write (node:internal/streams/writable:510:10)
    at Console.log (/home/chris/.nvm/versions/node/v22.23.2/lib/node_modules/firebase-tools/node_modules/winston/lib/winston/transports/console.js:87:23)
    at Console._write (/home/chris/.nvm/versions/node/v22.23.2/lib/node_modules/firebase-tools/node_modules/winston-transport/modern.js:103:17)
    at doWrite (/home/chris/.nvm/versions/node/v22.23.2/lib/node_modules/firebase-tools/node_modules/winston-transport/node_modules/readable-stream/lib/_stream_writable.js:390:139)
[error] 
[error] Error: An unexpected error has occurred.
[debug] [2026-09-08T16:18:00.229Z] Error: write EPIPE
    at afterWriteDispatched (node:internal/stream_base_commons:159:15)
    at writeGeneric (node:internal/stream_base_commons:150:3)
    at Socket._writeGeneric (node:net:967:11)
    at Socket._write (node:net:979:8)
    at writeOrBuffer (node:internal/streams/writable:572:12)
    at _write (node:internal/streams/writable:501:10)
    at Writable.write (node:internal/streams/writable:510:10)
    at Console.log (/home/chris/.nvm/versions/node/v22.23.2/lib/node_modules/firebase-tools/node_modules/winston/lib/winston/transports/console.js:87:23)
    at Console._write (/home/chris/.nvm/versions/node/v22.23.2/lib/node_modules/firebase-tools/node_modules/winston-transport/modern.js:103:17)
    at doWrite (/home/chris/.nvm/versions/node/v22.23.2/lib/node_modules/firebase-tools/node_modules/winston-transport/node_modules/readable-stream/lib/_stream_writable.js:390:139)
[error] 
[error] Error: An unexpected error has occurred.
[debug] [2026-09-08T16:18:00.230Z] Error: write EPIPE
    at afterWriteDispatched (node:internal/stream_base_commons:159:15)
    at writeGeneric (node:internal/stream_base_commons:150:3)
    at Socket._writeGeneric (node:net:967:11)
    at Socket._write (node:net:979:8)
    at writeOrBuffer (node:internal/streams/writable:572:12)
    at _write (node:internal/streams/writable:501:10)
    at Writable.write (node:internal/streams/writable:510:10)
    at Console.log (/home/chris/.nvm/versions/node/v22.23.2/lib/node_modules/firebase-tools/node_modules/winston/lib/winston/transports/console.js:87:23)
    at Console._write (/home/chris/.nvm/versions/node/v22.23.2/lib/node_modules/firebase-tools/node_modules/winston-transport/modern.js:103:17)
    at doWrite (/home/chris/.nvm/versions/node/v22.23.2/lib/node_modules/firebase-tools/node_modules/winston-transport/node_modules/readable-stream/lib/_stream_writable.js:390:139)
[error] 
[error] Error: An unexpected error has occurred.
[debug] [2026-09-08T16:18:00.231Z] Error: write EPIPE
    at afterWriteDispatched (node:internal/stream_base_commons:159:15)
    at writeGeneric (node:internal/stream_base_commons:150:3)
    at Socket._writeGeneric (node:net:967:11)
    at Socket._write (node:net:979:8)
    at writeOrBuffer (node:internal/streams/writable:572:12)
    at _write (node:internal/streams/writable:501:10)
    at Writable.write (node:internal/streams/writable:510:10)
    at Console.log (/home/chris/.nvm/versions/node/v22.23.2/lib/node_modules/firebase-tools/node_modules/winston/lib/winston/transports/console.js:87:23)
    at Console._write (/home/chris/.nvm/versions/node/v22.23.2/lib/node_modules/firebase-tools/node_modules/winston-transport/modern.js:103:17)
    at doWrite (/home/chris/.nvm/versions/node/v22.23.2/lib/node_modules/firebase-tools/node_modules/winston-transport/node_modules/readable-stream/lib/_stream_writable.js:390:139)
[error] 
[error] Error: An unexpected error has occurred.
[debug] [2026-09-08T16:18:00.232Z] Error: write EPIPE
    at afterWriteDispatched (node:internal/stream_base_commons:159:15)
    at writeGeneric (node:internal/stream_base_commons:150:3)
    at Socket._writeGeneric (node:net:967:11)
    at Socket._write (node:net:979:8)
    at writeOrBuffer (node:internal/streams/writable:572:12)
    at _write (node:internal/streams/writable:501:10)
    at Writable.write (node:internal/streams/writable:510:10)
    at Console.log (/home/chris/.nvm/versions/node/v22.23.2/lib/node_modules/firebase-tools/node_modules/winston/lib/winston/transports/console.js:87:23)
    at Console._write (/home/chris/.nvm/versions/node/v22.23.2/lib/node_modules/firebase-tools/node_modules/winston-transport/modern.js:103:17)
    at doWrite (/home/chris/.nvm/versions/node/v22.23.2/lib/node_modules/firebase-tools/node_modules/winston-transport/node_modules/readable-stream/lib/_stream_writable.js:390:139)
[error] 
[error] Error: An unexpected error has occurred.
[debug] [2026-09-08T16:18:00.233Z] Error: write EPIPE
    at afterWriteDispatched (node:internal/stream_base_commons:159:15)
    at writeGeneric (node:internal/stream_base_commons:150:3)
    at Socket._writeGeneric (node:net:967:11)
    at Socket._write (node:net:979:8)
    at writeOrBuffer (node:internal/streams/writable:572:12)
    at _write (node:internal/streams/writable:501:10)
    at Writable.write (node:internal/streams/writable:510:10)
    at Console.log (/home/chris/.nvm/versions/node/v22.23.2/lib/node_modules/firebase-tools/node_modules/winston/lib/winston/transports/console.js:87:23)
    at Console._write (/home/chris/.nvm/versions/node/v22.23.2/lib/node_modules/firebase-tools/node_modules/winston-transport/modern.js:103:17)
    at doWrite (/home/chris/.nvm/versions/node/v22.23.2/lib/node_modules/firebase-tools/node_modules/winston-transport/node_modules/readable-stream/lib/_stream_writable.js:390:139)
[error] 
[error] Error: An unexpected error has occurred.
[debug] [2026-09-08T16:18:00.233Z] Error: write EPIPE
    at afterWriteDispatched (node:internal/stream_base_commons:159:15)
    at writeGeneric (node:internal/stream_base_commons:150:3)
    at Socket._writeGeneric (node:net:967:11)
    at Socket._write (node:net:979:8)
    at writeOrBuffer (node:internal/streams/writable:572:12)
    at _write (node:internal/streams/writable:501:10)
    at Writable.write (node:internal/streams/writable:510:10)
    at Console.log (/home/chris/.nvm/versions/node/v22.23.2/lib/node_modules/firebase-tools/node_modules/winston/lib/winston/transports/console.js:87:23)
    at Console._write (/home/chris/.nvm/versions/node/v22.23.2/lib/node_modules/firebase-tools/node_modules/winston-transport/modern.js:103:17)
    at doWrite (/home/chris/.nvm/versions/node/v22.23.2/lib/node_modules/firebase-tools/node_modules/winston-transport/node_modules/readable-stream/lib/_stream_writable.js:390:139)
[error] 
[error] Error: An unexpected error has occurred.
[debug] [2026-09-08T16:18:00.234Z] Error: write EPIPE
    at afterWriteDispatched (node:internal/stream_base_commons:159:15)
    at writeGeneric (node:internal/stream_base_commons:150:3)
    at Socket._writeGeneric (node:net:967:11)
    at Socket._write (node:net:979:8)
    at writeOrBuffer (node:internal/streams/writable:572:12)
    at _write (node:internal/streams/writable:501:10)
    at Writable.write (node:internal/streams/writable:510:10)
    at Console.log (/home/chris/.nvm/versions/node/v22.23.2/lib/node_modules/firebase-tools/node_modules/winston/lib/winston/transports/console.js:87:23)
    at Console._write (/home/chris/.nvm/versions/node/v22.23.2/lib/node_modules/firebase-tools/node_modules/winston-transport/modern.js:103:17)
    at doWrite (/home/chris/.nvm/versions/node/v22.23.2/lib/node_modules/firebase-tools/node_modules/winston-transport/node_modules/readable-stream/lib/_stream_writable.js:390:139)
[error] 
[error] Error: An unexpected error has occurred.
[debug] [2026-09-08T16:18:00.235Z] Error: write EPIPE
    at afterWriteDispatched (node:internal/stream_base_commons:159:15)
    at writeGeneric (node:internal/stream_base_commons:150:3)
    at Socket._writeGeneric (node:net:967:11)
    at Socket._write (node:net:979:8)
    at writeOrBuffer (node:internal/streams/writable:572:12)
    at _write (node:internal/streams/writable:501:10)
    at Writable.write (node:internal/streams/writable:510:10)
    at Console.log (/home/chris/.nvm/versions/node/v22.23.2/lib/node_modules/firebase-tools/node_modules/winston/lib/winston/transports/console.js:87:23)
    at Console._write (/home/chris/.nvm/versions/node/v22.23.2/lib/node_modules/firebase-tools/node_modules/winston-transport/modern.js:103:17)
    at doWrite (/home/chris/.nvm/versions/node/v22.23.2/lib/node_modules/firebase-tools/node_modules/winston-transport/node_modules/readable-stream/lib/_stream_writable.js:390:139)
[error] 
[error] Error: An unexpected error has occurred.
[debug] [2026-09-08T16:18:00.236Z] Error: write EPIPE
    at afterWriteDispatched (node:internal/stream_base_commons:159:15)
    at writeGeneric (node:internal/stream_base_commons:150:3)
    at Socket._writeGeneric (node:net:967:11)
    at Socket._write (node:net:979:8)
    at writeOrBuffer (node:internal/streams/writable:572:12)
    at _write (node:internal/streams/writable:501:10)
    at Writable.write (node:internal/streams/writable:510:10)
    at Console.log (/home/chris/.nvm/versions/node/v22.23.2/lib/node_modules/firebase-tools/node_modules/winston/lib/winston/transports/console.js:87:23)
    at Console._write (/home/chris/.nvm/versions/node/v22.23.2/lib/node_modules/firebase-tools/node_modules/winston-transport/modern.js:103:17)
    at doWrite (/home/chris/.nvm/versions/node/v22.23.2/lib/node_modules/firebase-tools/node_modules/winston-transport/node_modules/readable-stream/lib/_stream_writable.js:390:139)
[error] 
[error] Error: An unexpected error has occurred.
[debug] [2026-09-08T16:18:00.236Z] Error: write EPIPE
    at afterWriteDispatched (node:internal/stream_base_commons:159:15)
    at writeGeneric (node:internal/stream_base_commons:150:3)
    at Socket._writeGeneric (node:net:967:11)
    at Socket._write (node:net:979:8)
    at writeOrBuffer (node:internal/streams/writable:572:12)
    at _write (node:internal/streams/writable:501:10)
    at Writable.write (node:internal/streams/writable:510:10)
    at Console.log (/home/chris/.nvm/versions/node/v22.23.2/lib/node_modules/firebase-tools/node_modules/winston/lib/winston/transports/console.js:87:23)
    at Console._write (/home/chris/.nvm/versions/node/v22.23.2/lib/node_modules/firebase-tools/node_modules/winston-transport/modern.js:103:17)
    at doWrite (/home/chris/.nvm/versions/node/v22.23.2/lib/node_modules/firebase-tools/node_modules/winston-transport/node_modules/readable-stream/lib/_stream_writable.js:390:139)
[error] 
[error] Error: An unexpected error has occurred.
[debug] [2026-09-08T16:18:00.237Z] Error: write EPIPE
    at afterWriteDispatched (node:internal/stream_base_commons:159:15)
    at writeGeneric (node:internal/stream_base_commons:150:3)
    at Socket._writeGeneric (node:net:967:11)
    at Socket._write (node:net:979:8)
    at writeOrBuffer (node:internal/streams/writable:572:12)
    at _write (node:internal/streams/writable:501:10)
    at Writable.write (node:internal/streams/writable:510:10)
    at Console.log (/home/chris/.nvm/versions/node/v22.23.2/lib/node_modules/firebase-tools/node_modules/winston/lib/winston/transports/console.js:87:23)
    at Console._write (/home/chris/.nvm/versions/node/v22.23.2/lib/node_modules/firebase-tools/node_modules/winston-transport/modern.js:103:17)
    at doWrite (/home/chris/.nvm/versions/node/v22.23.2/lib/node_modules/firebase-tools/node_modules/winston-transport/node_modules/readable-stream/lib/_stream_writable.js:390:139)
[error] 
[error] Error: An unexpected error has occurred.
[debug] [2026-09-08T16:18:00.238Z] Error: write EPIPE
    at afterWriteDispatched (node:internal/stream_base_commons:159:15)
    at writeGeneric (node:internal/stream_base_commons:150:3)
    at Socket._writeGeneric (node:net:967:11)
    at Socket._write (node:net:979:8)
    at writeOrBuffer (node:internal/streams/writable:572:12)
    at _write (node:internal/streams/writable:501:10)
    at Writable.write (node:internal/streams/writable:510:10)
    at Console.log (/home/chris/.nvm/versions/node/v22.23.2/lib/node_modules/firebase-tools/node_modules/winston/lib/winston/transports/console.js:87:23)
    at Console._write (/home/chris/.nvm/versions/node/v22.23.2/lib/node_modules/firebase-tools/node_modules/winston-transport/modern.js:103:17)
    at doWrite (/home/chris/.nvm/versions/node/v22.23.2/lib/node_modules/firebase-tools/node_modules/winston-transport/node_modules/readable-stream/lib/_stream_writable.js:390:139)
[error] 
[error] Error: An unexpected error has occurred.
[debug] [2026-09-08T16:18:00.238Z] Error: write EPIPE
    at afterWriteDispatched (node:internal/stream_base_commons:159:15)
    at writeGeneric (node:internal/stream_base_commons:150:3)
    at Socket._writeGeneric (node:net:967:11)
    at Socket._write (node:net:979:8)
    at writeOrBuffer (node:internal/streams/writable:572:12)
    at _write (node:internal/streams/writable:501:10)
    at Writable.write (node:internal/streams/writable:510:10)
    at Console.log (/home/chris/.nvm/versions/node/v22.23.2/lib/node_modules/firebase-tools/node_modules/winston/lib/winston/transports/console.js:87:23)
    at Console._write (/home/chris/.nvm/versions/node/v22.23.2/lib/node_modules/firebase-tools/node_modules/winston-transport/modern.js:103:17)
    at doWrite (/home/chris/.nvm/versions/node/v22.23.2/lib/node_modules/firebase-tools/node_modules/winston-transport/node_modules/readable-stream/lib/_stream_writable.js:390:139)
[error] 
[error] Error: An unexpected error has occurred.
[debug] [2026-09-08T16:18:00.239Z] Error: write EPIPE
    at afterWriteDispatched (node:internal/stream_base_commons:159:15)
    at writeGeneric (node:internal/stream_base_commons:150:3)
    at Socket._writeGeneric (node:net:967:11)
    at Socket._write (node:net:979:8)
    at writeOrBuffer (node:internal/streams/writable:572:12)
    at _write (node:internal/streams/writable:501:10)
    at Writable.write (node:internal/streams/writable:510:10)
    at Console.log (/home/chris/.nvm/versions/node/v22.23.2/lib/node_modules/firebase-tools/node_modules/winston/lib/winston/transports/console.js:87:23)
    at Console._write (/home/chris/.nvm/versions/node/v22.23.2/lib/node_modules/firebase-tools/node_modules/winston-transport/modern.js:103:17)
    at doWrite (/home/chris/.nvm/versions/node/v22.23.2/lib/node_modules/firebase-tools/node_modules/winston-transport/node_modules/readable-stream/lib/_stream_writable.js:390:139)
[error] 
[error] Error: An unexpected error has occurred.
[debug] [2026-09-08T16:18:00.240Z] Error: write EPIPE
    at afterWriteDispatched (node:internal/stream_base_commons:159:15)
    at writeGeneric (node:internal/stream_base_commons:150:3)
    at Socket._writeGeneric (node:net:967:11)
    at Socket._write (node:net:979:8)
    at writeOrBuffer (node:internal/streams/writable:572:12)
    at _write (node:internal/streams/writable:501:10)
    at Writable.write (node:internal/streams/writable:510:10)
    at Console.log (/home/chris/.nvm/versions/node/v22.23.2/lib/node_modules/firebase-tools/node_modules/winston/lib/winston/transports/console.js:87:23)
    at Console._write (/home/chris/.nvm/versions/node/v22.23.2/lib/node_modules/firebase-tools/node_modules/winston-transport/modern.js:103:17)
    at doWrite (/home/chris/.nvm/versions/node/v22.23.2/lib/node_modules/firebase-tools/node_modules/winston-transport/node_modules/readable-stream/lib/_stream_writable.js:390:139)
[error] 
[error] Error: An unexpected error has occurred.
[debug] [2026-09-08T16:18:00.241Z] Error: write EPIPE
    at afterWriteDispatched (node:internal/stream_base_commons:159:15)
    at writeGeneric (node:internal/stream_base_commons:150:3)
    at Socket._writeGeneric (node:net:967:11)
    at Socket._write (node:net:979:8)
    at writeOrBuffer (node:internal/streams/writable:572:12)
    at _write (node:internal/streams/writable:501:10)
    at Writable.write (node:internal/streams/writable:510:10)
    at Console.log (/home/chris/.nvm/versions/node/v22.23.2/lib/node_modules/firebase-tools/node_modules/winston/lib/winston/transports/console.js:87:23)
    at Console._write (/home/chris/.nvm/versions/node/v22.23.2/lib/node_modules/firebase-tools/node_modules/winston-transport/modern.js:103:17)
    at doWrite (/home/chris/.nvm/versions/node/v22.23.2/lib/node_modules/firebase-tools/node_modules/winston-transport/node_modules/readable-stream/lib/_stream_writable.js:390:139)
[error] 
[error] Error: An unexpected error has occurred.
[debug] [2026-09-08T16:18:00.242Z] Error: write EPIPE
    at afterWriteDispatched (node:internal/stream_base_commons:159:15)
    at writeGeneric (node:internal/stream_base_commons:150:3)
    at Socket._writeGeneric (node:net:967:11)
    at Socket._write (node:net:979:8)
    at writeOrBuffer (node:internal/streams/writable:572:12)
    at _write (node:internal/streams/writable:501:10)
    at Writable.write (node:internal/streams/writable:510:10)
    at Console.log (/home/chris/.nvm/versions/node/v22.23.2/lib/node_modules/firebase-tools/node_modules/winston/lib/winston/transports/console.js:87:23)
    at Console._write (/home/chris/.nvm/versions/node/v22.23.2/lib/node_modules/firebase-tools/node_modules/winston-transport/modern.js:103:17)
    at doWrite (/home/chris/.nvm/versions/node/v22.23.2/lib/node_modules/firebase-tools/node_modules/winston-transport/node_modules/readable-stream/lib/_stream_writable.js:390:139)
[error] 
[error] Error: An unexpected error has occurred.
[debug] [2026-09-08T16:18:00.243Z] Error: write EPIPE
    at afterWriteDispatched (node:internal/stream_base_commons:159:15)
    at writeGeneric (node:internal/stream_base_commons:150:3)
    at Socket._writeGeneric (node:net:967:11)
    at Socket._write (node:net:979:8)
    at writeOrBuffer (node:internal/streams/writable:572:12)
    at _write (node:internal/streams/writable:501:10)
    at Writable.write (node:internal/streams/writable:510:10)
    at Console.log (/home/chris/.nvm/versions/node/v22.23.2/lib/node_modules/firebase-tools/node_modules/winston/lib/winston/transports/console.js:87:23)
    at Console._write (/home/chris/.nvm/versions/node/v22.23.2/lib/node_modules/firebase-tools/node_modules/winston-transport/modern.js:103:17)
    at doWrite (/home/chris/.nvm/versions/node/v22.23.2/lib/node_modules/firebase-tools/node_modules/winston-transport/node_modules/readable-stream/lib/_stream_writable.js:390:139)
[error] 
[error] Error: An unexpected error has occurred.
[debug] [2026-09-08T16:18:00.244Z] Error: write EPIPE
    at afterWriteDispatched (node:internal/stream_base_commons:159:15)
    at writeGeneric (node:internal/stream_base_commons:150:3)
    at Socket._writeGeneric (node:net:967:11)
    at Socket._write (node:net:979:8)
    at writeOrBuffer (node:internal/streams/writable:572:12)
    at _write (node:internal/streams/writable:501:10)
    at Writable.write (node:internal/streams/writable:510:10)
    at Console.log (/home/chris/.nvm/versions/node/v22.23.2/lib/node_modules/firebase-tools/node_modules/winston/lib/winston/transports/console.js:87:23)
    at Console._write (/home/chris/.nvm/versions/node/v22.23.2/lib/node_modules/firebase-tools/node_modules/winston-transport/modern.js:103:17)
    at doWrite (/home/chris/.nvm/versions/node/v22.23.2/lib/node_modules/firebase-tools/node_modules/winston-transport/node_modules/readable-stream/lib/_stream_writable.js:390:139)
[error] 
[error] Error: An unexpected error has occurred.
[debug] [2026-09-08T16:18:00.244Z] Error: write EPIPE
    at afterWriteDispatched (node:internal/stream_base_commons:159:15)
    at writeGeneric (node:internal/stream_base_commons:150:3)
    at Socket._writeGeneric (node:net:967:11)
    at Socket._write (node:net:979:8)
    at writeOrBuffer (node:internal/streams/writable:572:12)
    at _write (node:internal/streams/writable:501:10)
    at Writable.write (node:internal/streams/writable:510:10)
    at Console.log (/home/chris/.nvm/versions/node/v22.23.2/lib/node_modules/firebase-tools/node_modules/winston/lib/winston/transports/console.js:87:23)
    at Console._write (/home/chris/.nvm/versions/node/v22.23.2/lib/node_modules/firebase-tools/node_modules/winston-transport/modern.js:103:17)
    at doWrite (/home/chris/.nvm/versions/node/v22.23.2/lib/node_modules/firebase-tools/node_modules/winston-transport/node_modules/readable-stream/lib/_stream_writable.js:390:139)
[error] 
[error] Error: An unexpected error has occurred.
[debug] [2026-09-08T16:18:00.245Z] Error: write EPIPE
    at afterWriteDispatched (node:internal/stream_base_commons:159:15)
    at writeGeneric (node:internal/stream_base_commons:150:3)
    at Socket._writeGeneric (node:net:967:11)
    at Socket._write (node:net:979:8)
    at writeOrBuffer (node:internal/streams/writable:572:12)
    at _write (node:internal/streams/writable:501:10)
    at Writable.write (node:internal/streams/writable:510:10)
    at Console.log (/home/chris/.nvm/versions/node/v22.23.2/lib/node_modules/firebase-tools/node_modules/winston/lib/winston/transports/console.js:87:23)
    at Console._write (/home/chris/.nvm/versions/node/v22.23.2/lib/node_modules/firebase-tools/node_modules/winston-transport/modern.js:103:17)
    at doWrite (/home/chris/.nvm/versions/node/v22.23.2/lib/node_modules/firebase-tools/node_modules/winston-transport/node_modules/readable-stream/lib/_stream_writable.js:390:139)
[error] 
[error] Error: An unexpected error has occurred.
[debug] [2026-09-08T16:18:00.246Z] Error: write EPIPE
    at afterWriteDispatched (node:internal/stream_base_commons:159:15)
    at writeGeneric (node:internal/stream_base_commons:150:3)
    at Socket._writeGeneric (node:net:967:11)
    at Socket._write (node:net:979:8)
    at writeOrBuffer (node:internal/streams/writable:572:12)
    at _write (node:internal/streams/writable:501:10)
    at Writable.write (node:internal/streams/writable:510:10)
    at Console.log (/home/chris/.nvm/versions/node/v22.23.2/lib/node_modules/firebase-tools/node_modules/winston/lib/winston/transports/console.js:87:23)
    at Console._write (/home/chris/.nvm/versions/node/v22.23.2/lib/node_modules/firebase-tools/node_modules/winston-transport/modern.js:103:17)
    at doWrite (/home/chris/.nvm/versions/node/v22.23.2/lib/node_modules/firebase-tools/node_modules/winston-transport/node_modules/readable-stream/lib/_stream_writable.js:390:139)
[error] 
[error] Error: An unexpected error has occurred.
[debug] [2026-09-08T16:18:00.247Z] Error: write EPIPE
    at afterWriteDispatched (node:internal/stream_base_commons:159:15)
    at writeGeneric (node:internal/stream_base_commons:150:3)
    at Socket._writeGeneric (node:net:967:11)
    at Socket._write (node:net:979:8)
    at writeOrBuffer (node:internal/streams/writable:572:12)
    at _write (node:internal/streams/writable:501:10)
    at Writable.write (node:internal/streams/writable:510:10)
    at Console.log (/home/chris/.nvm/versions/node/v22.23.2/lib/node_modules/firebase-tools/node_modules/winston/lib/winston/transports/console.js:87:23)
    at Console._write (/home/chris/.nvm/versions/node/v22.23.2/lib/node_modules/firebase-tools/node_modules/winston-transport/modern.js:103:17)
    at doWrite (/home/chris/.nvm/versions/node/v22.23.2/lib/node_modules/firebase-tools/node_modules/winston-transport/node_modules/readable-stream/lib/_stream_writable.js:390:139)
[error] 
[error] Error: An unexpected error has occurred.
[debug] [2026-09-08T16:18:00.248Z] Error: write EPIPE
    at afterWriteDispatched (node:internal/stream_base_commons:159:15)
    at writeGeneric (node:internal/stream_base_commons:150:3)
    at Socket._writeGeneric (node:net:967:11)
    at Socket._write (node:net:979:8)
    at writeOrBuffer (node:internal/streams/writable:572:12)
    at _write (node:internal/streams/writable:501:10)
    at Writable.write (node:internal/streams/writable:510:10)
    at Console.log (/home/chris/.nvm/versions/node/v22.23.2/lib/node_modules/firebase-tools/node_modules/winston/lib/winston/transports/console.js:87:23)
    at Console._write (/home/chris/.nvm/versions/node/v22.23.2/lib/node_modules/firebase-tools/node_modules/winston-transport/modern.js:103:17)
    at doWrite (/home/chris/.nvm/versions/node/v22.23.2/lib/node_modules/firebase-tools/node_modules/winston-transport/node_modules/readable-stream/lib/_stream_writable.js:390:139)
[error] 
[error] Error: An unexpected error has occurred.
[debug] [2026-09-08T16:18:00.249Z] Error: write EPIPE
    at afterWriteDispatched (node:internal/stream_base_commons:159:15)
    at writeGeneric (node:internal/stream_base_commons:150:3)
    at Socket._writeGeneric (node:net:967:11)
    at Socket._write (node:net:979:8)
    at writeOrBuffer (node:internal/streams/writable:572:12)
    at _write (node:internal/streams/writable:501:10)
    at Writable.write (node:internal/streams/writable:510:10)
    at Console.log (/home/chris/.nvm/versions/node/v22.23.2/lib/node_modules/firebase-tools/node_modules/winston/lib/winston/transports/console.js:87:23)
    at Console._write (/home/chris/.nvm/versions/node/v22.23.2/lib/node_modules/firebase-tools/node_modules/winston-transport/modern.js:103:17)
    at doWrite (/home/chris/.nvm/versions/node/v22.23.2/lib/node_modules/firebase-tools/node_modules/winston-transport/node_modules/readable-stream/lib/_stream_writable.js:390:139)
[error] 
[error] Error: An unexpected error has occurred.
[debug] [2026-09-08T16:18:00.249Z] Error: write EPIPE
    at afterWriteDispatched (node:internal/stream_base_commons:159:15)
    at writeGeneric (node:internal/stream_base_commons:150:3)
    at Socket._writeGeneric (node:net:967:11)
    at Socket._write (node:net:979:8)
    at writeOrBuffer (node:internal/streams/writable:572:12)
    at _write (node:internal/streams/writable:501:10)
    at Writable.write (node:internal/streams/writable:510:10)
    at Console.log (/home/chris/.nvm/versions/node/v22.23.2/lib/node_modules/firebase-tools/node_modules/winston/lib/winston/transports/console.js:87:23)
    at Console._write (/home/chris/.nvm/versions/node/v22.23.2/lib/node_modules/firebase-tools/node_modules/winston-transport/modern.js:103:17)
    at doWrite (/home/chris/.nvm/versions/node/v22.23.2/lib/node_modules/firebase-tools/node_modules/winston-transport/node_modules/readable-stream/lib/_stream_writable.js:390:139)
[error] 
[error] Error: An unexpected error has occurred.
[debug] [2026-09-08T16:18:00.250Z] Error: write EPIPE
    at afterWriteDispatched (node:internal/stream_base_commons:159:15)
    at writeGeneric (node:internal/stream_base_commons:150:3)
    at Socket._writeGeneric (node:net:967:11)
    at Socket._write (node:net:979:8)
    at writeOrBuffer (node:internal/streams/writable:572:12)
    at _write (node:internal/streams/writable:501:10)
    at Writable.write (node:internal/streams/writable:510:10)
    at Console.log (/home/chris/.nvm/versions/node/v22.23.2/lib/node_modules/firebase-tools/node_modules/winston/lib/winston/transports/console.js:87:23)
    at Console._write (/home/chris/.nvm/versions/node/v22.23.2/lib/node_modules/firebase-tools/node_modules/winston-transport/modern.js:103:17)
    at doWrite (/home/chris/.nvm/versions/node/v22.23.2/lib/node_modules/firebase-tools/node_modules/winston-transport/node_modules/readable-stream/lib/_stream_writable.js:390:139)
[error] 
[error] Error: An unexpected error has occurred.
[debug] [2026-09-08T16:18:00.251Z] Error: write EPIPE
    at afterWriteDispatched (node:internal/stream_base_commons:159:15)
    at writeGeneric (node:internal/stream_base_commons:150:3)
    at Socket._writeGeneric (node:net:967:11)
    at Socket._write (node:net:979:8)
    at writeOrBuffer (node:internal/streams/writable:572:12)
    at _write (node:internal/streams/writable:501:10)
    at Writable.write (node:internal/streams/writable:510:10)
    at Console.log (/home/chris/.nvm/versions/node/v22.23.2/lib/node_modules/firebase-tools/node_modules/winston/lib/winston/transports/console.js:87:23)
    at Console._write (/home/chris/.nvm/versions/node/v22.23.2/lib/node_modules/firebase-tools/node_modules/winston-transport/modern.js:103:17)
    at doWrite (/home/chris/.nvm/versions/node/v22.23.2/lib/node_modules/firebase-tools/node_modules/winston-transport/node_modules/readable-stream/lib/_stream_writable.js:390:139)
[error] 
[error] Error: An unexpected error has occurred.
[debug] [2026-09-08T16:18:00.251Z] Error: write EPIPE
    at afterWriteDispatched (node:internal/stream_base_commons:159:15)
    at writeGeneric (node:internal/stream_base_commons:150:3)
    at Socket._writeGeneric (node:net:967:11)
    at Socket._write (node:net:979:8)
    at writeOrBuffer (node:internal/streams/writable:572:12)
    at _write (node:internal/streams/writable:501:10)
    at Writable.write (node:internal/streams/writable:510:10)
    at Console.log (/home/chris/.nvm/versions/node/v22.23.2/lib/node_modules/firebase-tools/node_modules/winston/lib/winston/transports/console.js:87:23)
    at Console._write (/home/chris/.nvm/versions/node/v22.23.2/lib/node_modules/firebase-tools/node_modules/winston-transport/modern.js:103:17)
    at doWrite (/home/chris/.nvm/versions/node/v22.23.2/lib/node_modules/firebase-tools/node_modules/winston-transport/node_modules/readable-stream/lib/_stream_writable.js:390:139)
[error] 
[error] Error: An unexpected error has occurred.
[debug] [2026-09-08T16:18:00.252Z] Error: write EPIPE
    at afterWriteDispatched (node:internal/stream_base_commons:159:15)
    at writeGeneric (node:internal/stream_base_commons:150:3)
    at Socket._writeGeneric (node:net:967:11)
    at Socket._write (node:net:979:8)
    at writeOrBuffer (node:internal/streams/writable:572:12)
    at _write (node:internal/streams/writable:501:10)
    at Writable.write (node:internal/streams/writable:510:10)
    at Console.log (/home/chris/.nvm/versions/node/v22.23.2/lib/node_modules/firebase-tools/node_modules/winston/lib/winston/transports/console.js:87:23)
    at Console._write (/home/chris/.nvm/versions/node/v22.23.2/lib/node_modules/firebase-tools/node_modules/winston-transport/modern.js:103:17)
    at doWrite (/home/chris/.nvm/versions/node/v22.23.2/lib/node_modules/firebase-tools/node_modules/winston-transport/node_modules/readable-stream/lib/_stream_writable.js:390:139)
[error] 
[error] Error: An unexpected error has occurred.
[debug] [2026-09-08T16:18:00.253Z] Error: write EPIPE
    at afterWriteDispatched (node:internal/stream_base_commons:159:15)
    at writeGeneric (node:internal/stream_base_commons:150:3)
    at Socket._writeGeneric (node:net:967:11)
    at Socket._write (node:net:979:8)
    at writeOrBuffer (node:internal/streams/writable:572:12)
    at _write (node:internal/streams/writable:501:10)
    at Writable.write (node:internal/streams/writable:510:10)
    at Console.log (/home/chris/.nvm/versions/node/v22.23.2/lib/node_modules/firebase-tools/node_modules/winston/lib/winston/transports/console.js:87:23)
    at Console._write (/home/chris/.nvm/versions/node/v22.23.2/lib/node_modules/firebase-tools/node_modules/winston-transport/modern.js:103:17)
    at doWrite (/home/chris/.nvm/versions/node/v22.23.2/lib/node_modules/firebase-tools/node_modules/winston-transport/node_modules/readable-stream/lib/_stream_writable.js:390:139)
[error] 
[error] Error: An unexpected error has occurred.
[debug] [2026-09-08T16:18:00.253Z] Error: write EPIPE
    at afterWriteDispatched (node:internal/stream_base_commons:159:15)
    at writeGeneric (node:internal/stream_base_commons:150:3)
    at Socket._writeGeneric (node:net:967:11)
    at Socket._write (node:net:979:8)
    at writeOrBuffer (node:internal/streams/writable:572:12)
    at _write (node:internal/streams/writable:501:10)
    at Writable.write (node:internal/streams/writable:510:10)
    at Console.log (/home/chris/.nvm/versions/node/v22.23.2/lib/node_modules/firebase-tools/node_modules/winston/lib/winston/transports/console.js:87:23)
    at Console._write (/home/chris/.nvm/versions/node/v22.23.2/lib/node_modules/firebase-tools/node_modules/winston-transport/modern.js:103:17)
    at doWrite (/home/chris/.nvm/versions/node/v22.23.2/lib/node_modules/firebase-tools/node_modules/winston-transport/node_modules/readable-stream/lib/_stream_writable.js:390:139)
[error] 
[error] Error: An unexpected error has occurred.
[debug] [2026-09-08T16:18:00.254Z] Error: write EPIPE
    at afterWriteDispatched (node:internal/stream_base_commons:159:15)
    at writeGeneric (node:internal/stream_base_commons:150:3)
    at Socket._writeGeneric (node:net:967:11)
    at Socket._write (node:net:979:8)
    at writeOrBuffer (node:internal/streams/writable:572:12)
    at _write (node:internal/streams/writable:501:10)
    at Writable.write (node:internal/streams/writable:510:10)
    at Console.log (/home/chris/.nvm/versions/node/v22.23.2/lib/node_modules/firebase-tools/node_modules/winston/lib/winston/transports/console.js:87:23)
    at Console._write (/home/chris/.nvm/versions/node/v22.23.2/lib/node_modules/firebase-tools/node_modules/winston-transport/modern.js:103:17)
    at doWrite (/home/chris/.nvm/versions/node/v22.23.2/lib/node_modules/firebase-tools/node_modules/winston-transport/node_modules/readable-stream/lib/_stream_writable.js:390:139)
[error] 
[error] Error: An unexpected error has occurred.
[debug] [2026-09-08T16:18:00.254Z] Error: write EPIPE
    at afterWriteDispatched (node:internal/stream_base_commons:159:15)
    at writeGeneric (node:internal/stream_base_commons:150:3)
    at Socket._writeGeneric (node:net:967:11)
    at Socket._write (node:net:979:8)
    at writeOrBuffer (node:internal/streams/writable:572:12)
    at _write (node:internal/streams/writable:501:10)
    at Writable.write (node:internal/streams/writable:510:10)
    at Console.log (/home/chris/.nvm/versions/node/v22.23.2/lib/node_modules/firebase-tools/node_modules/winston/lib/winston/transports/console.js:87:23)
    at Console._write (/home/chris/.nvm/versions/node/v22.23.2/lib/node_modules/firebase-tools/node_modules/winston-transport/modern.js:103:17)
    at doWrite (/home/chris/.nvm/versions/node/v22.23.2/lib/node_modules/firebase-tools/node_modules/winston-transport/node_modules/readable-stream/lib/_stream_writable.js:390:139)
[error] 
[error] Error: An unexpected error has occurred.
[debug] [2026-09-08T16:18:00.255Z] Error: write EPIPE
    at afterWriteDispatched (node:internal/stream_base_commons:159:15)
    at writeGeneric (node:internal/stream_base_commons:150:3)
    at Socket._writeGeneric (node:net:967:11)
    at Socket._write (node:net:979:8)
    at writeOrBuffer (node:internal/streams/writable:572:12)
    at _write (node:internal/streams/writable:501:10)
    at Writable.write (node:internal/streams/writable:510:10)
    at Console.log (/home/chris/.nvm/versions/node/v22.23.2/lib/node_modules/firebase-tools/node_modules/winston/lib/winston/transports/console.js:87:23)
    at Console._write (/home/chris/.nvm/versions/node/v22.23.2/lib/node_modules/firebase-tools/node_modules/winston-transport/modern.js:103:17)
    at doWrite (/home/chris/.nvm/versions/node/v22.23.2/lib/node_modules/firebase-tools/node_modules/winston-transport/node_modules/readable-stream/lib/_stream_writable.js:390:139)
[error] 
[error] Error: An unexpected error has occurred.
[debug] [2026-09-08T16:18:00.257Z] Error: write EPIPE
    at afterWriteDispatched (node:internal/stream_base_commons:159:15)
    at writeGeneric (node:internal/stream_base_commons:150:3)
    at Socket._writeGeneric (node:net:967:11)
    at Socket._write (node:net:979:8)
    at writeOrBuffer (node:internal/streams/writable:572:12)
    at _write (node:internal/streams/writable:501:10)
    at Writable.write (node:internal/streams/writable:510:10)
    at Console.log (/home/chris/.nvm/versions/node/v22.23.2/lib/node_modules/firebase-tools/node_modules/winston/lib/winston/transports/console.js:87:23)
    at Console._write (/home/chris/.nvm/versions/node/v22.23.2/lib/node_modules/firebase-tools/node_modules/winston-transport/modern.js:103:17)
    at doWrite (/home/chris/.nvm/versions/node/v22.23.2/lib/node_modules/firebase-tools/node_modules/winston-transport/node_modules/readable-stream/lib/_stream_writable.js:390:139)
[error] 
[error] Error: An unexpected error has occurred.
[debug] [2026-09-08T16:18:00.258Z] Error: write EPIPE
    at afterWriteDispatched (node:internal/stream_base_commons:159:15)
    at writeGeneric (node:internal/stream_base_commons:150:3)
    at Socket._writeGeneric (node:net:967:11)
    at Socket._write (node:net:979:8)
    at writeOrBuffer (node:internal/streams/writable:572:12)
    at _write (node:internal/streams/writable:501:10)
    at Writable.write (node:internal/streams/writable:510:10)
    at Console.log (/home/chris/.nvm/versions/node/v22.23.2/lib/node_modules/firebase-tools/node_modules/winston/lib/winston/transports/console.js:87:23)
    at Console._write (/home/chris/.nvm/versions/node/v22.23.2/lib/node_modules/firebase-tools/node_modules/winston-transport/modern.js:103:17)
    at doWrite (/home/chris/.nvm/versions/node/v22.23.2/lib/node_modules/firebase-tools/node_modules/winston-transport/node_modules/readable-stream/lib/_stream_writable.js:390:139)
[error] 
[error] Error: An unexpected error has occurred.
[debug] [2026-09-08T16:18:00.259Z] Error: write EPIPE
    at afterWriteDispatched (node:internal/stream_base_commons:159:15)
    at writeGeneric (node:internal/stream_base_commons:150:3)
    at Socket._writeGeneric (node:net:967:11)
    at Socket._write (node:net:979:8)
    at writeOrBuffer (node:internal/streams/writable:572:12)
    at _write (node:internal/streams/writable:501:10)
    at Writable.write (node:internal/streams/writable:510:10)
    at Console.log (/home/chris/.nvm/versions/node/v22.23.2/lib/node_modules/firebase-tools/node_modules/winston/lib/winston/transports/console.js:87:23)
    at Console._write (/home/chris/.nvm/versions/node/v22.23.2/lib/node_modules/firebase-tools/node_modules/winston-transport/modern.js:103:17)
    at doWrite (/home/chris/.nvm/versions/node/v22.23.2/lib/node_modules/firebase-tools/node_modules/winston-transport/node_modules/readable-stream/lib/_stream_writable.js:390:139)
[error] 
[error] Error: An unexpected error has occurred.
[debug] [2026-09-08T16:18:00.260Z] Error: write EPIPE
    at afterWriteDispatched (node:internal/stream_base_commons:159:15)
    at writeGeneric (node:internal/stream_base_commons:150:3)
    at Socket._writeGeneric (node:net:967:11)
    at Socket._write (node:net:979:8)
    at writeOrBuffer (node:internal/streams/writable:572:12)
    at _write (node:internal/streams/writable:501:10)
    at Writable.write (node:internal/streams/writable:510:10)
    at Console.log (/home/chris/.nvm/versions/node/v22.23.2/lib/node_modules/firebase-tools/node_modules/winston/lib/winston/transports/console.js:87:23)
    at Console._write (/home/chris/.nvm/versions/node/v22.23.2/lib/node_modules/firebase-tools/node_modules/winston-transport/modern.js:103:17)
    at doWrite (/home/chris/.nvm/versions/node/v22.23.2/lib/node_modules/firebase-tools/node_modules/winston-transport/node_modules/readable-stream/lib/_stream_writable.js:390:139)
[error] 
[error] Error: An unexpected error has occurred.
[debug] [2026-09-08T16:18:00.261Z] Error: write EPIPE
    at afterWriteDispatched (node:internal/stream_base_commons:159:15)
    at writeGeneric (node:internal/stream_base_commons:150:3)
    at Socket._writeGeneric (node:net:967:11)
    at Socket._write (node:net:979:8)
    at writeOrBuffer (node:internal/streams/writable:572:12)
    at _write (node:internal/streams/writable:501:10)
    at Writable.write (node:internal/streams/writable:510:10)
    at Console.log (/home/chris/.nvm/versions/node/v22.23.2/lib/node_modules/firebase-tools/node_modules/winston/lib/winston/transports/console.js:87:23)
    at Console._write (/home/chris/.nvm/versions/node/v22.23.2/lib/node_modules/firebase-tools/node_modules/winston-transport/modern.js:103:17)
    at doWrite (/home/chris/.nvm/versions/node/v22.23.2/lib/node_modules/firebase-tools/node_modules/winston-transport/node_modules/readable-stream/lib/_stream_writable.js:390:139)
[error] 
[error] Error: An unexpected error has occurred.
[debug] [2026-09-08T16:18:00.261Z] Error: write EPIPE
    at afterWriteDispatched (node:internal/stream_base_commons:159:15)
    at writeGeneric (node:internal/stream_base_commons:150:3)
    at Socket._writeGeneric (node:net:967:11)
    at Socket._write (node:net:979:8)
    at writeOrBuffer (node:internal/streams/writable:572:12)
    at _write (node:internal/streams/writable:501:10)
    at Writable.write (node:internal/streams/writable:510:10)
    at Console.log (/home/chris/.nvm/versions/node/v22.23.2/lib/node_modules/firebase-tools/node_modules/winston/lib/winston/transports/console.js:87:23)
    at Console._write (/home/chris/.nvm/versions/node/v22.23.2/lib/node_modules/firebase-tools/node_modules/winston-transport/modern.js:103:17)
    at doWrite (/home/chris/.nvm/versions/node/v22.23.2/lib/node_modules/firebase-tools/node_modules/winston-transport/node_modules/readable-stream/lib/_stream_writable.js:390:139)
[error] 
[error] Error: An unexpected error has occurred.
[debug] [2026-09-08T16:18:00.262Z] Error: write EPIPE
    at afterWriteDispatched (node:internal/stream_base_commons:159:15)
    at writeGeneric (node:internal/stream_base_commons:150:3)
    at Socket._writeGeneric (node:net:967:11)
    at Socket._write (node:net:979:8)
    at writeOrBuffer (node:internal/streams/writable:572:12)
    at _write (node:internal/streams/writable:501:10)
    at Writable.write (node:internal/streams/writable:510:10)
    at Console.log (/home/chris/.nvm/versions/node/v22.23.2/lib/node_modules/firebase-tools/node_modules/winston/lib/winston/transports/console.js:87:23)
    at Console._write (/home/chris/.nvm/versions/node/v22.23.2/lib/node_modules/firebase-tools/node_modules/winston-transport/modern.js:103:17)
    at doWrite (/home/chris/.nvm/versions/node/v22.23.2/lib/node_modules/firebase-tools/node_modules/winston-transport/node_modules/readable-stream/lib/_stream_writable.js:390:139)
[error] 
[error] Error: An unexpected error has occurred.
[debug] [2026-09-08T16:18:00.263Z] Error: write EPIPE
    at afterWriteDispatched (node:internal/stream_base_commons:159:15)
    at writeGeneric (node:internal/stream_base_commons:150:3)
    at Socket._writeGeneric (node:net:967:11)
    at Socket._write (node:net:979:8)
    at writeOrBuffer (node:internal/streams/writable:572:12)
    at _write (node:internal/streams/writable:501:10)
    at Writable.write (node:internal/streams/writable:510:10)
    at Console.log (/home/chris/.nvm/versions/node/v22.23.2/lib/node_modules/firebase-tools/node_modules/winston/lib/winston/transports/console.js:87:23)
    at Console._write (/home/chris/.nvm/versions/node/v22.23.2/lib/node_modules/firebase-tools/node_modules/winston-transport/modern.js:103:17)
    at doWrite (/home/chris/.nvm/versions/node/v22.23.2/lib/node_modules/firebase-tools/node_modules/winston-transport/node_modules/readable-stream/lib/_stream_writable.js:390:139)
[error] 
[error] Error: An unexpected error has occurred.
[debug] [2026-09-08T16:18:00.264Z] Error: write EPIPE
    at afterWriteDispatched (node:internal/stream_base_commons:159:15)
    at writeGeneric (node:internal/stream_base_commons:150:3)
    at Socket._writeGeneric (node:net:967:11)
    at Socket._write (node:net:979:8)
    at writeOrBuffer (node:internal/streams/writable:572:12)
    at _write (node:internal/streams/writable:501:10)
    at Writable.write (node:internal/streams/writable:510:10)
    at Console.log (/home/chris/.nvm/versions/node/v22.23.2/lib/node_modules/firebase-tools/node_modules/winston/lib/winston/transports/console.js:87:23)
    at Console._write (/home/chris/.nvm/versions/node/v22.23.2/lib/node_modules/firebase-tools/node_modules/winston-transport/modern.js:103:17)
    at doWrite (/home/chris/.nvm/versions/node/v22.23.2/lib/node_modules/firebase-tools/node_modules/winston-transport/node_modules/readable-stream/lib/_stream_writable.js:390:139)
[error] 
[error] Error: An unexpected error has occurred.
[debug] [2026-09-08T16:18:00.265Z] Error: write EPIPE
    at afterWriteDispatched (node:internal/stream_base_commons:159:15)
    at writeGeneric (node:internal/stream_base_commons:150:3)
    at Socket._writeGeneric (node:net:967:11)
    at Socket._write (node:net:979:8)
    at writeOrBuffer (node:internal/streams/writable:572:12)
    at _write (node:internal/streams/writable:501:10)
    at Writable.write (node:internal/streams/writable:510:10)
    at Console.log (/home/chris/.nvm/versions/node/v22.23.2/lib/node_modules/firebase-tools/node_modules/winston/lib/winston/transports/console.js:87:23)
    at Console._write (/home/chris/.nvm/versions/node/v22.23.2/lib/node_modules/firebase-tools/node_modules/winston-transport/modern.js:103:17)
    at doWrite (/home/chris/.nvm/versions/node/v22.23.2/lib/node_modules/firebase-tools/node_modules/winston-transport/node_modules/readable-stream/lib/_stream_writable.js:390:139)
[error] 
[error] Error: An unexpected error has occurred.
[debug] [2026-09-08T16:18:00.265Z] Error: write EPIPE
    at afterWriteDispatched (node:internal/stream_base_commons:159:15)
    at writeGeneric (node:internal/stream_base_commons:150:3)
    at Socket._writeGeneric (node:net:967:11)
    at Socket._write (node:net:979:8)
    at writeOrBuffer (node:internal/streams/writable:572:12)
    at _write (node:internal/streams/writable:501:10)
    at Writable.write (node:internal/streams/writable:510:10)
    at Console.log (/home/chris/.nvm/versions/node/v22.23.2/lib/node_modules/firebase-tools/node_modules/winston/lib/winston/transports/console.js:87:23)
    at Console._write (/home/chris/.nvm/versions/node/v22.23.2/lib/node_modules/firebase-tools/node_modules/winston-transport/modern.js:103:17)
    at doWrite (/home/chris/.nvm/versions/node/v22.23.2/lib/node_modules/firebase-tools/node_modules/winston-transport/node_modules/readable-stream/lib/_stream_writable.js:390:139)
[error] 
[error] Error: An unexpected error has occurred.
[debug] [2026-09-08T16:18:00.266Z] Error: write EPIPE
    at afterWriteDispatched (node:internal/stream_base_commons:159:15)
    at writeGeneric (node:internal/stream_base_commons:150:3)
    at Socket._writeGeneric (node:net:967:11)
    at Socket._write (node:net:979:8)
    at writeOrBuffer (node:internal/streams/writable:572:12)
    at _write (node:internal/streams/writable:501:10)
    at Writable.write (node:internal/streams/writable:510:10)
    at Console.log (/home/chris/.nvm/versions/node/v22.23.2/lib/node_modules/firebase-tools/node_modules/winston/lib/winston/transports/console.js:87:23)
    at Console._write (/home/chris/.nvm/versions/node/v22.23.2/lib/node_modules/firebase-tools/node_modules/winston-transport/modern.js:103:17)
    at doWrite (/home/chris/.nvm/versions/node/v22.23.2/lib/node_modules/firebase-tools/node_modules/winston-transport/node_modules/readable-stream/lib/_stream_writable.js:390:139)
[error] 
[error] Error: An unexpected error has occurred.
[debug] [2026-09-08T16:18:00.267Z] Error: write EPIPE
    at afterWriteDispatched (node:internal/stream_base_commons:159:15)
    at writeGeneric (node:internal/stream_base_commons:150:3)
    at Socket._writeGeneric (node:net:967:11)
    at Socket._write (node:net:979:8)
    at writeOrBuffer (node:internal/streams/writable:572:12)
    at _write (node:internal/streams/writable:501:10)
    at Writable.write (node:internal/streams/writable:510:10)
    at Console.log (/home/chris/.nvm/versions/node/v22.23.2/lib/node_modules/firebase-tools/node_modules/winston/lib/winston/transports/console.js:87:23)
    at Console._write (/home/chris/.nvm/versions/node/v22.23.2/lib/node_modules/firebase-tools/node_modules/winston-transport/modern.js:103:17)
    at doWrite (/home/chris/.nvm/versions/node/v22.23.2/lib/node_modules/firebase-tools/node_modules/winston-transport/node_modules/readable-stream/lib/_stream_writable.js:390:139)
[error] 
[error] Error: An unexpected error has occurred.
[debug] [2026-09-08T16:18:00.268Z] Error: write EPIPE
    at afterWriteDispatched (node:internal/stream_base_commons:159:15)
    at writeGeneric (node:internal/stream_base_commons:150:3)
    at Socket._writeGeneric (node:net:967:11)
    at Socket._write (node:net:979:8)
    at writeOrBuffer (node:internal/streams/writable:572:12)
    at _write (node:internal/streams/writable:501:10)
    at Writable.write (node:internal/streams/writable:510:10)
    at Console.log (/home/chris/.nvm/versions/node/v22.23.2/lib/node_modules/firebase-tools/node_modules/winston/lib/winston/transports/console.js:87:23)
    at Console._write (/home/chris/.nvm/versions/node/v22.23.2/lib/node_modules/firebase-tools/node_modules/winston-transport/modern.js:103:17)
    at doWrite (/home/chris/.nvm/versions/node/v22.23.2/lib/node_modules/firebase-tools/node_modules/winston-transport/node_modules/readable-stream/lib/_stream_writable.js:390:139)
[error] 
[error] Error: An unexpected error has occurred.
[debug] [2026-09-08T16:18:00.269Z] Error: write EPIPE
    at afterWriteDispatched (node:internal/stream_base_commons:159:15)
    at writeGeneric (node:internal/stream_base_commons:150:3)
    at Socket._writeGeneric (node:net:967:11)
    at Socket._write (node:net:979:8)
    at writeOrBuffer (node:internal/streams/writable:572:12)
    at _write (node:internal/streams/writable:501:10)
    at Writable.write (node:internal/streams/writable:510:10)
    at Console.log (/home/chris/.nvm/versions/node/v22.23.2/lib/node_modules/firebase-tools/node_modules/winston/lib/winston/transports/console.js:87:23)
    at Console._write (/home/chris/.nvm/versions/node/v22.23.2/lib/node_modules/firebase-tools/node_modules/winston-transport/modern.js:103:17)
    at doWrite (/home/chris/.nvm/versions/node/v22.23.2/lib/node_modules/firebase-tools/node_modules/winston-transport/node_modules/readable-stream/lib/_stream_writable.js:390:139)
[error] 
[error] Error: An unexpected error has occurred.
[debug] [2026-09-08T16:18:00.269Z] Error: write EPIPE
    at afterWriteDispatched (node:internal/stream_base_commons:159:15)
    at writeGeneric (node:internal/stream_base_commons:150:3)
    at Socket._writeGeneric (node:net:967:11)
    at Socket._write (node:net:979:8)
    at writeOrBuffer (node:internal/streams/writable:572:12)
    at _write (node:internal/streams/writable:501:10)
    at Writable.write (node:internal/streams/writable:510:10)
    at Console.log (/home/chris/.nvm/versions/node/v22.23.2/lib/node_modules/firebase-tools/node_modules/winston/lib/winston/transports/console.js:87:23)
    at Console._write (/home/chris/.nvm/versions/node/v22.23.2/lib/node_modules/firebase-tools/node_modules/winston-transport/modern.js:103:17)
    at doWrite (/home/chris/.nvm/versions/node/v22.23.2/lib/node_modules/firebase-tools/node_modules/winston-transport/node_modules/readable-stream/lib/_stream_writable.js:390:139)
[error] 
[error] Error: An unexpected error has occurred.
[debug] [2026-09-08T16:18:00.270Z] Error: write EPIPE
    at afterWriteDispatched (node:internal/stream_base_commons:159:15)
    at writeGeneric (node:internal/stream_base_commons:150:3)
    at Socket._writeGeneric (node:net:967:11)
    at Socket._write (node:net:979:8)
    at writeOrBuffer (node:internal/streams/writable:572:12)
    at _write (node:internal/streams/writable:501:10)
    at Writable.write (node:internal/streams/writable:510:10)
    at Console.log (/home/chris/.nvm/versions/node/v22.23.2/lib/node_modules/firebase-tools/node_modules/winston/lib/winston/transports/console.js:87:23)
    at Console._write (/home/chris/.nvm/versions/node/v22.23.2/lib/node_modules/firebase-tools/node_modules/winston-transport/modern.js:103:17)
    at doWrite (/home/chris/.nvm/versions/node/v22.23.2/lib/node_modules/firebase-tools/node_modules/winston-transport/node_modules/readable-stream/lib/_stream_writable.js:390:139)
[error] 
[error] Error: An unexpected error has occurred.
[debug] [2026-09-08T16:18:00.271Z] Error: write EPIPE
    at afterWriteDispatched (node:internal/stream_base_commons:159:15)
    at writeGeneric (node:internal/stream_base_commons:150:3)
    at Socket._writeGeneric (node:net:967:11)
    at Socket._write (node:net:979:8)
    at writeOrBuffer (node:internal/streams/writable:572:12)
    at _write (node:internal/streams/writable:501:10)
    at Writable.write (node:internal/streams/writable:510:10)
    at Console.log (/home/chris/.nvm/versions/node/v22.23.2/lib/node_modules/firebase-tools/node_modules/winston/lib/winston/transports/console.js:87:23)
    at Console._write (/home/chris/.nvm/versions/node/v22.23.2/lib/node_modules/firebase-tools/node_modules/winston-transport/modern.js:103:17)
    at doWrite (/home/chris/.nvm/versions/node/v22.23.2/lib/node_modules/firebase-tools/node_modules/winston-transport/node_modules/readable-stream/lib/_stream_writable.js:390:139)
[error] 
[error] Error: An unexpected error has occurred.
[debug] [2026-09-08T16:18:00.271Z] Error: write EPIPE
    at afterWriteDispatched (node:internal/stream_base_commons:159:15)
    at writeGeneric (node:internal/stream_base_commons:150:3)
    at Socket._writeGeneric (node:net:967:11)
    at Socket._write (node:net:979:8)
    at writeOrBuffer (node:internal/streams/writable:572:12)
    at _write (node:internal/streams/writable:501:10)
    at Writable.write (node:internal/streams/writable:510:10)
    at Console.log (/home/chris/.nvm/versions/node/v22.23.2/lib/node_modules/firebase-tools/node_modules/winston/lib/winston/transports/console.js:87:23)
    at Console._write (/home/chris/.nvm/versions/node/v22.23.2/lib/node_modules/firebase-tools/node_modules/winston-transport/modern.js:103:17)
    at doWrite (/home/chris/.nvm/versions/node/v22.23.2/lib/node_modules/firebase-tools/node_modules/winston-transport/node_modules/readable-stream/lib/_stream_writable.js:390:139)
[error] 
[error] Error: An unexpected error has occurred.
[debug] [2026-09-08T16:18:00.272Z] Error: write EPIPE
    at afterWriteDispatched (node:internal/stream_base_commons:159:15)
    at writeGeneric (node:internal/stream_base_commons:150:3)
    at Socket._writeGeneric (node:net:967:11)
    at Socket._write (node:net:979:8)
    at writeOrBuffer (node:internal/streams/writable:572:12)
    at _write (node:internal/streams/writable:501:10)
    at Writable.write (node:internal/streams/writable:510:10)
    at Console.log (/home/chris/.nvm/versions/node/v22.23.2/lib/node_modules/firebase-tools/node_modules/winston/lib/winston/transports/console.js:87:23)
    at Console._write (/home/chris/.nvm/versions/node/v22.23.2/lib/node_modules/firebase-tools/node_modules/winston-transport/modern.js:103:17)
    at doWrite (/home/chris/.nvm/versions/node/v22.23.2/lib/node_modules/firebase-tools/node_modules/winston-transport/node_modules/readable-stream/lib/_stream_writable.js:390:139)
[error] 
[error] Error: An unexpected error has occurred.
[debug] [2026-09-08T16:18:00.272Z] Error: write EPIPE
    at afterWriteDispatched (node:internal/stream_base_commons:159:15)
    at writeGeneric (node:internal/stream_base_commons:150:3)
    at Socket._writeGeneric (node:net:967:11)
    at Socket._write (node:net:979:8)
    at writeOrBuffer (node:internal/streams/writable:572:12)
    at _write (node:internal/streams/writable:501:10)
    at Writable.write (node:internal/streams/writable:510:10)
    at Console.log (/home/chris/.nvm/versions/node/v22.23.2/lib/node_modules/firebase-tools/node_modules/winston/lib/winston/transports/console.js:87:23)
    at Console._write (/home/chris/.nvm/versions/node/v22.23.2/lib/node_modules/firebase-tools/node_modules/winston-transport/modern.js:103:17)
    at doWrite (/home/chris/.nvm/versions/node/v22.23.2/lib/node_modules/firebase-tools/node_modules/winston-transport/node_modules/readable-stream/lib/_stream_writable.js:390:139)
[error] 
[error] Error: An unexpected error has occurred.
[debug] [2026-09-08T16:18:00.273Z] Error: write EPIPE
    at afterWriteDispatched (node:internal/stream_base_commons:159:15)
    at writeGeneric (node:internal/stream_base_commons:150:3)
    at Socket._writeGeneric (node:net:967:11)
    at Socket._write (node:net:979:8)
    at writeOrBuffer (node:internal/streams/writable:572:12)
    at _write (node:internal/streams/writable:501:10)
    at Writable.write (node:internal/streams/writable:510:10)
    at Console.log (/home/chris/.nvm/versions/node/v22.23.2/lib/node_modules/firebase-tools/node_modules/winston/lib/winston/transports/console.js:87:23)
    at Console._write (/home/chris/.nvm/versions/node/v22.23.2/lib/node_modules/firebase-tools/node_modules/winston-transport/modern.js:103:17)
    at doWrite (/home/chris/.nvm/versions/node/v22.23.2/lib/node_modules/firebase-tools/node_modules/winston-transport/node_modules/readable-stream/lib/_stream_writable.js:390:139)
[error] 
[error] Error: An unexpected error has occurred.
[debug] [2026-09-08T16:18:00.274Z] Error: write EPIPE
    at afterWriteDispatched (node:internal/stream_base_commons:159:15)
    at writeGeneric (node:internal/stream_base_commons:150:3)
    at Socket._writeGeneric (node:net:967:11)
    at Socket._write (node:net:979:8)
    at writeOrBuffer (node:internal/streams/writable:572:12)
    at _write (node:internal/streams/writable:501:10)
    at Writable.write (node:internal/streams/writable:510:10)
    at Console.log (/home/chris/.nvm/versions/node/v22.23.2/lib/node_modules/firebase-tools/node_modules/winston/lib/winston/transports/console.js:87:23)
    at Console._write (/home/chris/.nvm/versions/node/v22.23.2/lib/node_modules/firebase-tools/node_modules/winston-transport/modern.js:103:17)
    at doWrite (/home/chris/.nvm/versions/node/v22.23.2/lib/node_modules/firebase-tools/node_modules/winston-transport/node_modules/readable-stream/lib/_stream_writable.js:390:139)
[error] 
[error] Error: An unexpected error has occurred.
[debug] [2026-09-08T16:18:00.275Z] Error: write EPIPE
    at afterWriteDispatched (node:internal/stream_base_commons:159:15)
    at writeGeneric (node:internal/stream_base_commons:150:3)
    at Socket._writeGeneric (node:net:967:11)
    at Socket._write (node:net:979:8)
    at writeOrBuffer (node:internal/streams/writable:572:12)
    at _write (node:internal/streams/writable:501:10)
    at Writable.write (node:internal/streams/writable:510:10)
    at Console.log (/home/chris/.nvm/versions/node/v22.23.2/lib/node_modules/firebase-tools/node_modules/winston/lib/winston/transports/console.js:87:23)
    at Console._write (/home/chris/.nvm/versions/node/v22.23.2/lib/node_modules/firebase-tools/node_modules/winston-transport/modern.js:103:17)
    at doWrite (/home/chris/.nvm/versions/node/v22.23.2/lib/node_modules/firebase-tools/node_modules/winston-transport/node_modules/readable-stream/lib/_stream_writable.js:390:139)
[error] 
[error] Error: An unexpected error has occurred.
[debug] [2026-09-08T16:18:00.276Z] Error: write EPIPE
    at afterWriteDispatched (node:internal/stream_base_commons:159:15)
    at writeGeneric (node:internal/stream_base_commons:150:3)
    at Socket._writeGeneric (node:net:967:11)
    at Socket._write (node:net:979:8)
    at writeOrBuffer (node:internal/streams/writable:572:12)
    at _write (node:internal/streams/writable:501:10)
    at Writable.write (node:internal/streams/writable:510:10)
    at Console.log (/home/chris/.nvm/versions/node/v22.23.2/lib/node_modules/firebase-tools/node_modules/winston/lib/winston/transports/console.js:87:23)
    at Console._write (/home/chris/.nvm/versions/node/v22.23.2/lib/node_modules/firebase-tools/node_modules/winston-transport/modern.js:103:17)
    at doWrite (/home/chris/.nvm/versions/node/v22.23.2/lib/node_modules/firebase-tools/node_modules/winston-transport/node_modules/readable-stream/lib/_stream_writable.js:390:139)
[error] 
[error] Error: An unexpected error has occurred.
[debug] [2026-09-08T16:18:00.277Z] Error: write EPIPE
    at afterWriteDispatched (node:internal/stream_base_commons:159:15)
    at writeGeneric (node:internal/stream_base_commons:150:3)
    at Socket._writeGeneric (node:net:967:11)
    at Socket._write (node:net:979:8)
    at writeOrBuffer (node:internal/streams/writable:572:12)
    at _write (node:internal/streams/writable:501:10)
    at Writable.write (node:internal/streams/writable:510:10)
    at Console.log (/home/chris/.nvm/versions/node/v22.23.2/lib/node_modules/firebase-tools/node_modules/winston/lib/winston/transports/console.js:87:23)
    at Console._write (/home/chris/.nvm/versions/node/v22.23.2/lib/node_modules/firebase-tools/node_modules/winston-transport/modern.js:103:17)
    at doWrite (/home/chris/.nvm/versions/node/v22.23.2/lib/node_modules/firebase-tools/node_modules/winston-transport/node_modules/readable-stream/lib/_stream_writable.js:390:139)
[error] 
[error] Error: An unexpected error has occurred.
[debug] [2026-09-08T16:18:00.277Z] Error: write EPIPE
    at afterWriteDispatched (node:internal/stream_base_commons:159:15)
    at writeGeneric (node:internal/stream_base_commons:150:3)
    at Socket._writeGeneric (node:net:967:11)
    at Socket._write (node:net:979:8)
    at writeOrBuffer (node:internal/streams/writable:572:12)
    at _write (node:internal/streams/writable:501:10)
    at Writable.write (node:internal/streams/writable:510:10)
    at Console.log (/home/chris/.nvm/versions/node/v22.23.2/lib/node_modules/firebase-tools/node_modules/winston/lib/winston/transports/console.js:87:23)
    at Console._write (/home/chris/.nvm/versions/node/v22.23.2/lib/node_modules/firebase-tools/node_modules/winston-transport/modern.js:103:17)
    at doWrite (/home/chris/.nvm/versions/node/v22.23.2/lib/node_modules/firebase-tools/node_modules/winston-transport/node_modules/readable-stream/lib/_stream_writable.js:390:139)
[error] 
[error] Error: An unexpected error has occurred.
[debug] [2026-09-08T16:18:00.278Z] Error: write EPIPE
    at afterWriteDispatched (node:internal/stream_base_commons:159:15)
    at writeGeneric (node:internal/stream_base_commons:150:3)
    at Socket._writeGeneric (node:net:967:11)
    at Socket._write (node:net:979:8)
    at writeOrBuffer (node:internal/streams/writable:572:12)
    at _write (node:internal/streams/writable:501:10)
    at Writable.write (node:internal/streams/writable:510:10)
    at Console.log (/home/chris/.nvm/versions/node/v22.23.2/lib/node_modules/firebase-tools/node_modules/winston/lib/winston/transports/console.js:87:23)
    at Console._write (/home/chris/.nvm/versions/node/v22.23.2/lib/node_modules/firebase-tools/node_modules/winston-transport/modern.js:103:17)
    at doWrite (/home/chris/.nvm/versions/node/v22.23.2/lib/node_modules/firebase-tools/node_modules/winston-transport/node_modules/readable-stream/lib/_stream_writable.js:390:139)
[error] 
[error] Error: An unexpected error has occurred.
[debug] [2026-09-08T16:18:00.279Z] Error: write EPIPE
    at afterWriteDispatched (node:internal/stream_base_commons:159:15)
    at writeGeneric (node:internal/stream_base_commons:150:3)
    at Socket._writeGeneric (node:net:967:11)
    at Socket._write (node:net:979:8)
    at writeOrBuffer (node:internal/streams/writable:572:12)
    at _write (node:internal/streams/writable:501:10)
    at Writable.write (node:internal/streams/writable:510:10)
    at Console.log (/home/chris/.nvm/versions/node/v22.23.2/lib/node_modules/firebase-tools/node_modules/winston/lib/winston/transports/console.js:87:23)
    at Console._write (/home/chris/.nvm/versions/node/v22.23.2/lib/node_modules/firebase-tools/node_modules/winston-transport/modern.js:103:17)
    at doWrite (/home/chris/.nvm/versions/node/v22.23.2/lib/node_modules/firebase-tools/node_modules/winston-transport/node_modules/readable-stream/lib/_stream_writable.js:390:139)
[error] 
[error] Error: An unexpected error has occurred.
[debug] [2026-09-08T16:18:00.280Z] Error: write EPIPE
    at afterWriteDispatched (node:internal/stream_base_commons:159:15)
    at writeGeneric (node:internal/stream_base_commons:150:3)
    at Socket._writeGeneric (node:net:967:11)
    at Socket._write (node:net:979:8)
    at writeOrBuffer (node:internal/streams/writable:572:12)
    at _write (node:internal/streams/writable:501:10)
    at Writable.write (node:internal/streams/writable:510:10)
    at Console.log (/home/chris/.nvm/versions/node/v22.23.2/lib/node_modules/firebase-tools/node_modules/winston/lib/winston/transports/console.js:87:23)
    at Console._write (/home/chris/.nvm/versions/node/v22.23.2/lib/node_modules/firebase-tools/node_modules/winston-transport/modern.js:103:17)
    at doWrite (/home/chris/.nvm/versions/node/v22.23.2/lib/node_modules/firebase-tools/node_modules/winston-transport/node_modules/readable-stream/lib/_stream_writable.js:390:139)
[error] 
[error] Error: An unexpected error has occurred.
[debug] [2026-09-08T16:18:00.281Z] Error: write EPIPE
    at afterWriteDispatched (node:internal/stream_base_commons:159:15)
    at writeGeneric (node:internal/stream_base_commons:150:3)
    at Socket._writeGeneric (node:net:967:11)
    at Socket._write (node:net:979:8)
    at writeOrBuffer (node:internal/streams/writable:572:12)
    at _write (node:internal/streams/writable:501:10)
    at Writable.write (node:internal/streams/writable:510:10)
    at Console.log (/home/chris/.nvm/versions/node/v22.23.2/lib/node_modules/firebase-tools/node_modules/winston/lib/winston/transports/console.js:87:23)
    at Console._write (/home/chris/.nvm/versions/node/v22.23.2/lib/node_modules/firebase-tools/node_modules/winston-transport/modern.js:103:17)
    at doWrite (/home/chris/.nvm/versions/node/v22.23.2/lib/node_modules/firebase-tools/node_modules/winston-transport/node_modules/readable-stream/lib/_stream_writable.js:390:139)
[error] 
[error] Error: An unexpected error has occurred.
[debug] [2026-09-08T16:18:00.283Z] Error: write EPIPE
    at afterWriteDispatched (node:internal/stream_base_commons:159:15)
    at writeGeneric (node:internal/stream_base_commons:150:3)
    at Socket._writeGeneric (node:net:967:11)
    at Socket._write (node:net:979:8)
    at writeOrBuffer (node:internal/streams/writable:572:12)
    at _write (node:internal/streams/writable:501:10)
    at Writable.write (node:internal/streams/writable:510:10)
    at Console.log (/home/chris/.nvm/versions/node/v22.23.2/lib/node_modules/firebase-tools/node_modules/winston/lib/winston/transports/console.js:87:23)
    at Console._write (/home/chris/.nvm/versions/node/v22.23.2/lib/node_modules/firebase-tools/node_modules/winston-transport/modern.js:103:17)
    at doWrite (/home/chris/.nvm/versions/node/v22.23.2/lib/node_modules/firebase-tools/node_modules/winston-transport/node_modules/readable-stream/lib/_stream_writable.js:390:139)
[error] 
[error] Error: An unexpected error has occurred.
[debug] [2026-09-08T16:18:00.284Z] Error: write EPIPE
    at afterWriteDispatched (node:internal/stream_base_commons:159:15)
    at writeGeneric (node:internal/stream_base_commons:150:3)
    at Socket._writeGeneric (node:net:967:11)
    at Socket._write (node:net:979:8)
    at writeOrBuffer (node:internal/streams/writable:572:12)
    at _write (node:internal/streams/writable:501:10)
    at Writable.write (node:internal/streams/writable:510:10)
    at Console.log (/home/chris/.nvm/versions/node/v22.23.2/lib/node_modules/firebase-tools/node_modules/winston/lib/winston/transports/console.js:87:23)
    at Console._write (/home/chris/.nvm/versions/node/v22.23.2/lib/node_modules/firebase-tools/node_modules/winston-transport/modern.js:103:17)
    at doWrite (/home/chris/.nvm/versions/node/v22.23.2/lib/node_modules/firebase-tools/node_modules/winston-transport/node_modules/readable-stream/lib/_stream_writable.js:390:139)
[error] 
[error] Error: An unexpected error has occurred.
[debug] [2026-09-08T16:18:00.284Z] Error: write EPIPE
    at afterWriteDispatched (node:internal/stream_base_commons:159:15)
    at writeGeneric (node:internal/stream_base_commons:150:3)
    at Socket._writeGeneric (node:net:967:11)
    at Socket._write (node:net:979:8)
    at writeOrBuffer (node:internal/streams/writable:572:12)
    at _write (node:internal/streams/writable:501:10)
    at Writable.write (node:internal/streams/writable:510:10)
    at Console.log (/home/chris/.nvm/versions/node/v22.23.2/lib/node_modules/firebase-tools/node_modules/winston/lib/winston/transports/console.js:87:23)
    at Console._write (/home/chris/.nvm/versions/node/v22.23.2/lib/node_modules/firebase-tools/node_modules/winston-transport/modern.js:103:17)
    at doWrite (/home/chris/.nvm/versions/node/v22.23.2/lib/node_modules/firebase-tools/node_modules/winston-transport/node_modules/readable-stream/lib/_stream_writable.js:390:139)
[error] 
[error] Error: An unexpected error has occurred.
[debug] [2026-09-08T16:18:00.285Z] Error: write EPIPE
    at afterWriteDispatched (node:internal/stream_base_commons:159:15)
    at writeGeneric (node:internal/stream_base_commons:150:3)
    at Socket._writeGeneric (node:net:967:11)
    at Socket._write (node:net:979:8)
    at writeOrBuffer (node:internal/streams/writable:572:12)
    at _write (node:internal/streams/writable:501:10)
    at Writable.write (node:internal/streams/writable:510:10)
    at Console.log (/home/chris/.nvm/versions/node/v22.23.2/lib/node_modules/firebase-tools/node_modules/winston/lib/winston/transports/console.js:87:23)
    at Console._write (/home/chris/.nvm/versions/node/v22.23.2/lib/node_modules/firebase-tools/node_modules/winston-transport/modern.js:103:17)
    at doWrite (/home/chris/.nvm/versions/node/v22.23.2/lib/node_modules/firebase-tools/node_modules/winston-transport/node_modules/readable-stream/lib/_stream_writable.js:390:139)
[error] 
[error] Error: An unexpected error has occurred.
[debug] [2026-09-08T16:18:00.286Z] Error: write EPIPE
    at afterWriteDispatched (node:internal/stream_base_commons:159:15)
    at writeGeneric (node:internal/stream_base_commons:150:3)
    at Socket._writeGeneric (node:net:967:11)
    at Socket._write (node:net:979:8)
    at writeOrBuffer (node:internal/streams/writable:572:12)
    at _write (node:internal/streams/writable:501:10)
    at Writable.write (node:internal/streams/writable:510:10)
    at Console.log (/home/chris/.nvm/versions/node/v22.23.2/lib/node_modules/firebase-tools/node_modules/winston/lib/winston/transports/console.js:87:23)
    at Console._write (/home/chris/.nvm/versions/node/v22.23.2/lib/node_modules/firebase-tools/node_modules/winston-transport/modern.js:103:17)
    at doWrite (/home/chris/.nvm/versions/node/v22.23.2/lib/node_modules/firebase-tools/node_modules/winston-transport/node_modules/readable-stream/lib/_stream_writable.js:390:139)
[error] 
[error] Error: An unexpected error has occurred.
[debug] [2026-09-08T16:18:00.287Z] Error: write EPIPE
    at afterWriteDispatched (node:internal/stream_base_commons:159:15)
    at writeGeneric (node:internal/stream_base_commons:150:3)
    at Socket._writeGeneric (node:net:967:11)
    at Socket._write (node:net:979:8)
    at writeOrBuffer (node:internal/streams/writable:572:12)
    at _write (node:internal/streams/writable:501:10)
    at Writable.write (node:internal/streams/writable:510:10)
    at Console.log (/home/chris/.nvm/versions/node/v22.23.2/lib/node_modules/firebase-tools/node_modules/winston/lib/winston/transports/console.js:87:23)
    at Console._write (/home/chris/.nvm/versions/node/v22.23.2/lib/node_modules/firebase-tools/node_modules/winston-transport/modern.js:103:17)
    at doWrite (/home/chris/.nvm/versions/node/v22.23.2/lib/node_modules/firebase-tools/node_modules/winston-transport/node_modules/readable-stream/lib/_stream_writable.js:390:139)
[error] 
[error] Error: An unexpected error has occurred.
[debug] [2026-09-08T16:18:00.287Z] Error: write EPIPE
    at afterWriteDispatched (node:internal/stream_base_commons:159:15)
    at writeGeneric (node:internal/stream_base_commons:150:3)
    at Socket._writeGeneric (node:net:967:11)
    at Socket._write (node:net:979:8)
    at writeOrBuffer (node:internal/streams/writable:572:12)
    at _write (node:internal/streams/writable:501:10)
    at Writable.write (node:internal/streams/writable:510:10)
    at Console.log (/home/chris/.nvm/versions/node/v22.23.2/lib/node_modules/firebase-tools/node_modules/winston/lib/winston/transports/console.js:87:23)
    at Console._write (/home/chris/.nvm/versions/node/v22.23.2/lib/node_modules/firebase-tools/node_modules/winston-transport/modern.js:103:17)
    at doWrite (/home/chris/.nvm/versions/node/v22.23.2/lib/node_modules/firebase-tools/node_modules/winston-transport/node_modules/readable-stream/lib/_stream_writable.js:390:139)
[error] 
[error] Error: An unexpected error has occurred.
[debug] [2026-09-08T16:18:00.288Z] Error: write EPIPE
    at afterWriteDispatched (node:internal/stream_base_commons:159:15)
    at writeGeneric (node:internal/stream_base_commons:150:3)
    at Socket._writeGeneric (node:net:967:11)
    at Socket._write (node:net:979:8)
    at writeOrBuffer (node:internal/streams/writable:572:12)
    at _write (node:internal/streams/writable:501:10)
    at Writable.write (node:internal/streams/writable:510:10)
    at Console.log (/home/chris/.nvm/versions/node/v22.23.2/lib/node_modules/firebase-tools/node_modules/winston/lib/winston/transports/console.js:87:23)
    at Console._write (/home/chris/.nvm/versions/node/v22.23.2/lib/node_modules/firebase-tools/node_modules/winston-transport/modern.js:103:17)
    at doWrite (/home/chris/.nvm/versions/node/v22.23.2/lib/node_modules/firebase-tools/node_modules/winston-transport/node_modules/readable-stream/lib/_stream_writable.js:390:139)
[error] 
[error] Error: An unexpected error has occurred.
[debug] [2026-09-08T16:18:00.289Z] Error: write EPIPE
    at afterWriteDispatched (node:internal/stream_base_commons:159:15)
    at writeGeneric (node:internal/stream_base_commons:150:3)
    at Socket._writeGeneric (node:net:967:11)
    at Socket._write (node:net:979:8)
    at writeOrBuffer (node:internal/streams/writable:572:12)
    at _write (node:internal/streams/writable:501:10)
    at Writable.write (node:internal/streams/writable:510:10)
    at Console.log (/home/chris/.nvm/versions/node/v22.23.2/lib/node_modules/firebase-tools/node_modules/winston/lib/winston/transports/console.js:87:23)
    at Console._write (/home/chris/.nvm/versions/node/v22.23.2/lib/node_modules/firebase-tools/node_modules/winston-transport/modern.js:103:17)
    at doWrite (/home/chris/.nvm/versions/node/v22.23.2/lib/node_modules/firebase-tools/node_modules/winston-transport/node_modules/readable-stream/lib/_stream_writable.js:390:139)
[error] 
[error] Error: An unexpected error has occurred.
[debug] [2026-09-08T16:18:00.289Z] Error: write EPIPE
    at afterWriteDispatched (node:internal/stream_base_commons:159:15)
    at writeGeneric (node:internal/stream_base_commons:150:3)
    at Socket._writeGeneric (node:net:967:11)
    at Socket._write (node:net:979:8)
    at writeOrBuffer (node:internal/streams/writable:572:12)
    at _write (node:internal/streams/writable:501:10)
    at Writable.write (node:internal/streams/writable:510:10)
    at Console.log (/home/chris/.nvm/versions/node/v22.23.2/lib/node_modules/firebase-tools/node_modules/winston/lib/winston/transports/console.js:87:23)
    at Console._write (/home/chris/.nvm/versions/node/v22.23.2/lib/node_modules/firebase-tools/node_modules/winston-transport/modern.js:103:17)
    at doWrite (/home/chris/.nvm/versions/node/v22.23.2/lib/node_modules/firebase-tools/node_modules/winston-transport/node_modules/readable-stream/lib/_stream_writable.js:390:139)
[error] 
[error] Error: An unexpected error has occurred.
[debug] [2026-09-08T16:18:00.290Z] Error: write EPIPE
    at afterWriteDispatched (node:internal/stream_base_commons:159:15)
    at writeGeneric (node:internal/stream_base_commons:150:3)
    at Socket._writeGeneric (node:net:967:11)
    at Socket._write (node:net:979:8)
    at writeOrBuffer (node:internal/streams/writable:572:12)
    at _write (node:internal/streams/writable:501:10)
    at Writable.write (node:internal/streams/writable:510:10)
    at Console.log (/home/chris/.nvm/versions/node/v22.23.2/lib/node_modules/firebase-tools/node_modules/winston/lib/winston/transports/console.js:87:23)
    at Console._write (/home/chris/.nvm/versions/node/v22.23.2/lib/node_modules/firebase-tools/node_modules/winston-transport/modern.js:103:17)
    at doWrite (/home/chris/.nvm/versions/node/v22.23.2/lib/node_modules/firebase-tools/node_modules/winston-transport/node_modules/readable-stream/lib/_stream_writable.js:390:139)
[error] 
[error] Error: An unexpected error has occurred.
[debug] [2026-09-08T16:18:00.291Z] Error: write EPIPE
    at afterWriteDispatched (node:internal/stream_base_commons:159:15)
    at writeGeneric (node:internal/stream_base_commons:150:3)
    at Socket._writeGeneric (node:net:967:11)
    at Socket._write (node:net:979:8)
    at writeOrBuffer (node:internal/streams/writable:572:12)
    at _write (node:internal/streams/writable:501:10)
    at Writable.write (node:internal/streams/writable:510:10)
    at Console.log (/home/chris/.nvm/versions/node/v22.23.2/lib/node_modules/firebase-tools/node_modules/winston/lib/winston/transports/console.js:87:23)
    at Console._write (/home/chris/.nvm/versions/node/v22.23.2/lib/node_modules/firebase-tools/node_modules/winston-transport/modern.js:103:17)
    at doWrite (/home/chris/.nvm/versions/node/v22.23.2/lib/node_modules/firebase-tools/node_modules/winston-transport/node_modules/readable-stream/lib/_stream_writable.js:390:139)
[error] 
[error] Error: An unexpected error has occurred.
[debug] [2026-09-08T16:18:00.292Z] Error: write EPIPE
    at afterWriteDispatched (node:internal/stream_base_commons:159:15)
    at writeGeneric (node:internal/stream_base_commons:150:3)
    at Socket._writeGeneric (node:net:967:11)
    at Socket._write (node:net:979:8)
    at writeOrBuffer (node:internal/streams/writable:572:12)
    at _write (node:internal/streams/writable:501:10)
    at Writable.write (node:internal/streams/writable:510:10)
    at Console.log (/home/chris/.nvm/versions/node/v22.23.2/lib/node_modules/firebase-tools/node_modules/winston/lib/winston/transports/console.js:87:23)
    at Console._write (/home/chris/.nvm/versions/node/v22.23.2/lib/node_modules/firebase-tools/node_modules/winston-transport/modern.js:103:17)
    at doWrite (/home/chris/.nvm/versions/node/v22.23.2/lib/node_modules/firebase-tools/node_modules/winston-transport/node_modules/readable-stream/lib/_stream_writable.js:390:139)
[error] 
[error] Error: An unexpected error has occurred.
[debug] [2026-09-08T16:18:00.293Z] Error: write EPIPE
    at afterWriteDispatched (node:internal/stream_base_commons:159:15)
    at writeGeneric (node:internal/stream_base_commons:150:3)
    at Socket._writeGeneric (node:net:967:11)
    at Socket._write (node:net:979:8)
    at writeOrBuffer (node:internal/streams/writable:572:12)
    at _write (node:internal/streams/writable:501:10)
    at Writable.write (node:internal/streams/writable:510:10)
    at Console.log (/home/chris/.nvm/versions/node/v22.23.2/lib/node_modules/firebase-tools/node_modules/winston/lib/winston/transports/console.js:87:23)
    at Console._write (/home/chris/.nvm/versions/node/v22.23.2/lib/node_modules/firebase-tools/node_modules/winston-transport/modern.js:103:17)
    at doWrite (/home/chris/.nvm/versions/node/v22.23.2/lib/node_modules/firebase-tools/node_modules/winston-transport/node_modules/readable-stream/lib/_stream_writable.js:390:139)
[error] 
[error] Error: An unexpected error has occurred.
[debug] [2026-09-08T16:18:00.294Z] Error: write EPIPE
    at afterWriteDispatched (node:internal/stream_base_commons:159:15)
    at writeGeneric (node:internal/stream_base_commons:150:3)
    at Socket._writeGeneric (node:net:967:11)
    at Socket._write (node:net:979:8)
    at writeOrBuffer (node:internal/streams/writable:572:12)
    at _write (node:internal/streams/writable:501:10)
    at Writable.write (node:internal/streams/writable:510:10)
    at Console.log (/home/chris/.nvm/versions/node/v22.23.2/lib/node_modules/firebase-tools/node_modules/winston/lib/winston/transports/console.js:87:23)
    at Console._write (/home/chris/.nvm/versions/node/v22.23.2/lib/node_modules/firebase-tools/node_modules/winston-transport/modern.js:103:17)
    at doWrite (/home/chris/.nvm/versions/node/v22.23.2/lib/node_modules/firebase-tools/node_modules/winston-transport/node_modules/readable-stream/lib/_stream_writable.js:390:139)
[error] 
[error] Error: An unexpected error has occurred.
[debug] [2026-09-08T16:18:00.294Z] Error: write EPIPE
    at afterWriteDispatched (node:internal/stream_base_commons:159:15)
    at writeGeneric (node:internal/stream_base_commons:150:3)
    at Socket._writeGeneric (node:net:967:11)
    at Socket._write (node:net:979:8)
    at writeOrBuffer (node:internal/streams/writable:572:12)
    at _write (node:internal/streams/writable:501:10)
    at Writable.write (node:internal/streams/writable:510:10)
    at Console.log (/home/chris/.nvm/versions/node/v22.23.2/lib/node_modules/firebase-tools/node_modules/winston/lib/winston/transports/console.js:87:23)
    at Console._write (/home/chris/.nvm/versions/node/v22.23.2/lib/node_modules/firebase-tools/node_modules/winston-transport/modern.js:103:17)
    at doWrite (/home/chris/.nvm/versions/node/v22.23.2/lib/node_modules/firebase-tools/node_modules/winston-transport/node_modules/readable-stream/lib/_stream_writable.js:390:139)
[error] 
[error] Error: An unexpected error has occurred.
[debug] [2026-09-08T16:18:00.295Z] Error: write EPIPE
    at afterWriteDispatched (node:internal/stream_base_commons:159:15)
    at writeGeneric (node:internal/stream_base_commons:150:3)
    at Socket._writeGeneric (node:net:967:11)
    at Socket._write (node:net:979:8)
    at writeOrBuffer (node:internal/streams/writable:572:12)
    at _write (node:internal/streams/writable:501:10)
    at Writable.write (node:internal/streams/writable:510:10)
    at Console.log (/home/chris/.nvm/versions/node/v22.23.2/lib/node_modules/firebase-tools/node_modules/winston/lib/winston/transports/console.js:87:23)
    at Console._write (/home/chris/.nvm/versions/node/v22.23.2/lib/node_modules/firebase-tools/node_modules/winston-transport/modern.js:103:17)
    at doWrite (/home/chris/.nvm/versions/node/v22.23.2/lib/node_modules/firebase-tools/node_modules/winston-transport/node_modules/readable-stream/lib/_stream_writable.js:390:139)
[error] 
[error] Error: An unexpected error has occurred.
[debug] [2026-09-08T16:18:00.296Z] Error: write EPIPE
    at afterWriteDispatched (node:internal/stream_base_commons:159:15)
    at writeGeneric (node:internal/stream_base_commons:150:3)
    at Socket._writeGeneric (node:net:967:11)
    at Socket._write (node:net:979:8)
    at writeOrBuffer (node:internal/streams/writable:572:12)
    at _write (node:internal/streams/writable:501:10)
    at Writable.write (node:internal/streams/writable:510:10)
    at Console.log (/home/chris/.nvm/versions/node/v22.23.2/lib/node_modules/firebase-tools/node_modules/winston/lib/winston/transports/console.js:87:23)
    at Console._write (/home/chris/.nvm/versions/node/v22.23.2/lib/node_modules/firebase-tools/node_modules/winston-transport/modern.js:103:17)
    at doWrite (/home/chris/.nvm/versions/node/v22.23.2/lib/node_modules/firebase-tools/node_modules/winston-transport/node_modules/readable-stream/lib/_stream_writable.js:390:139)
[error] 
[error] Error: An unexpected error has occurred.
[debug] [2026-09-08T16:18:00.297Z] Error: write EPIPE
    at afterWriteDispatched (node:internal/stream_base_commons:159:15)
    at writeGeneric (node:internal/stream_base_commons:150:3)
    at Socket._writeGeneric (node:net:967:11)
    at Socket._write (node:net:979:8)
    at writeOrBuffer (node:internal/streams/writable:572:12)
    at _write (node:internal/streams/writable:501:10)
    at Writable.write (node:internal/streams/writable:510:10)
    at Console.log (/home/chris/.nvm/versions/node/v22.23.2/lib/node_modules/firebase-tools/node_modules/winston/lib/winston/transports/console.js:87:23)
    at Console._write (/home/chris/.nvm/versions/node/v22.23.2/lib/node_modules/firebase-tools/node_modules/winston-transport/modern.js:103:17)
    at doWrite (/home/chris/.nvm/versions/node/v22.23.2/lib/node_modules/firebase-tools/node_modules/winston-transport/node_modules/readable-stream/lib/_stream_writable.js:390:139)
[error] 
[error] Error: An unexpected error has occurred.
[debug] [2026-09-08T16:18:00.298Z] Error: write EPIPE
    at afterWriteDispatched (node:internal/stream_base_commons:159:15)
    at writeGeneric (node:internal/stream_base_commons:150:3)
    at Socket._writeGeneric (node:net:967:11)
    at Socket._write (node:net:979:8)
    at writeOrBuffer (node:internal/streams/writable:572:12)
    at _write (node:internal/streams/writable:501:10)
    at Writable.write (node:internal/streams/writable:510:10)
    at Console.log (/home/chris/.nvm/versions/node/v22.23.2/lib/node_modules/firebase-tools/node_modules/winston/lib/winston/transports/console.js:87:23)
    at Console._write (/home/chris/.nvm/versions/node/v22.23.2/lib/node_modules/firebase-tools/node_modules/winston-transport/modern.js:103:17)
    at doWrite (/home/chris/.nvm/versions/node/v22.23.2/lib/node_modules/firebase-tools/node_modules/winston-transport/node_modules/readable-stream/lib/_stream_writable.js:390:139)
[error] 
[error] Error: An unexpected error has occurred.
[debug] [2026-09-08T16:18:00.299Z] Error: write EPIPE
    at afterWriteDispatched (node:internal/stream_base_commons:159:15)
    at writeGeneric (node:internal/stream_base_commons:150:3)
    at Socket._writeGeneric (node:net:967:11)
    at Socket._write (node:net:979:8)
    at writeOrBuffer (node:internal/streams/writable:572:12)
    at _write (node:internal/streams/writable:501:10)
    at Writable.write (node:internal/streams/writable:510:10)
    at Console.log (/home/chris/.nvm/versions/node/v22.23.2/lib/node_modules/firebase-tools/node_modules/winston/lib/winston/transports/console.js:87:23)
    at Console._write (/home/chris/.nvm/versions/node/v22.23.2/lib/node_modules/firebase-tools/node_modules/winston-transport/modern.js:103:17)
    at doWrite (/home/chris/.nvm/versions/node/v22.23.2/lib/node_modules/firebase-tools/node_modules/winston-transport/node_modules/readable-stream/lib/_stream_writable.js:390:139)
[error] 
[error] Error: An unexpected error has occurred.
[debug] [2026-09-08T16:18:00.299Z] Error: write EPIPE
    at afterWriteDispatched (node:internal/stream_base_commons:159:15)
    at writeGeneric (node:internal/stream_base_commons:150:3)
    at Socket._writeGeneric (node:net:967:11)
    at Socket._write (node:net:979:8)
    at writeOrBuffer (node:internal/streams/writable:572:12)
    at _write (node:internal/streams/writable:501:10)
    at Writable.write (node:internal/streams/writable:510:10)
    at Console.log (/home/chris/.nvm/versions/node/v22.23.2/lib/node_modules/firebase-tools/node_modules/winston/lib/winston/transports/console.js:87:23)
    at Console._write (/home/chris/.nvm/versions/node/v22.23.2/lib/node_modules/firebase-tools/node_modules/winston-transport/modern.js:103:17)
    at doWrite (/home/chris/.nvm/versions/node/v22.23.2/lib/node_modules/firebase-tools/node_modules/winston-transport/node_modules/readable-stream/lib/_stream_writable.js:390:139)
[error] 
[error] Error: An unexpected error has occurred.
[debug] [2026-09-08T16:18:00.300Z] Error: write EPIPE
    at afterWriteDispatched (node:internal/stream_base_commons:159:15)
    at writeGeneric (node:internal/stream_base_commons:150:3)
    at Socket._writeGeneric (node:net:967:11)
    at Socket._write (node:net:979:8)
    at writeOrBuffer (node:internal/streams/writable:572:12)
    at _write (node:internal/streams/writable:501:10)
    at Writable.write (node:internal/streams/writable:510:10)
    at Console.log (/home/chris/.nvm/versions/node/v22.23.2/lib/node_modules/firebase-tools/node_modules/winston/lib/winston/transports/console.js:87:23)
    at Console._write (/home/chris/.nvm/versions/node/v22.23.2/lib/node_modules/firebase-tools/node_modules/winston-transport/modern.js:103:17)
    at doWrite (/home/chris/.nvm/versions/node/v22.23.2/lib/node_modules/firebase-tools/node_modules/winston-transport/node_modules/readable-stream/lib/_stream_writable.js:390:139)
[error] 
[error] Error: An unexpected error has occurred.
[debug] [2026-09-08T16:18:00.301Z] Error: write EPIPE
    at afterWriteDispatched (node:internal/stream_base_commons:159:15)
    at writeGeneric (node:internal/stream_base_commons:150:3)
    at Socket._writeGeneric (node:net:967:11)
    at Socket._write (node:net:979:8)
    at writeOrBuffer (node:internal/streams/writable:572:12)
    at _write (node:internal/streams/writable:501:10)
    at Writable.write (node:internal/streams/writable:510:10)
    at Console.log (/home/chris/.nvm/versions/node/v22.23.2/lib/node_modules/firebase-tools/node_modules/winston/lib/winston/transports/console.js:87:23)
    at Console._write (/home/chris/.nvm/versions/node/v22.23.2/lib/node_modules/firebase-tools/node_modules/winston-transport/modern.js:103:17)
    at doWrite (/home/chris/.nvm/versions/node/v22.23.2/lib/node_modules/firebase-tools/node_modules/winston-transport/node_modules/readable-stream/lib/_stream_writable.js:390:139)
[error] 
[error] Error: An unexpected error has occurred.
[debug] [2026-09-08T16:18:00.302Z] Error: write EPIPE
    at afterWriteDispatched (node:internal/stream_base_commons:159:15)
    at writeGeneric (node:internal/stream_base_commons:150:3)
    at Socket._writeGeneric (node:net:967:11)
    at Socket._write (node:net:979:8)
    at writeOrBuffer (node:internal/streams/writable:572:12)
    at _write (node:internal/streams/writable:501:10)
    at Writable.write (node:internal/streams/writable:510:10)
    at Console.log (/home/chris/.nvm/versions/node/v22.23.2/lib/node_modules/firebase-tools/node_modules/winston/lib/winston/transports/console.js:87:23)
    at Console._write (/home/chris/.nvm/versions/node/v22.23.2/lib/node_modules/firebase-tools/node_modules/winston-transport/modern.js:103:17)
    at doWrite (/home/chris/.nvm/versions/node/v22.23.2/lib/node_modules/firebase-tools/node_modules/winston-transport/node_modules/readable-stream/lib/_stream_writable.js:390:139)
[error] 
[error] Error: An unexpected error has occurred.
[debug] [2026-09-08T16:18:00.302Z] Error: write EPIPE
    at afterWriteDispatched (node:internal/stream_base_commons:159:15)
    at writeGeneric (node:internal/stream_base_commons:150:3)
    at Socket._writeGeneric (node:net:967:11)
    at Socket._write (node:net:979:8)
    at writeOrBuffer (node:internal/streams/writable:572:12)
    at _write (node:internal/streams/writable:501:10)
    at Writable.write (node:internal/streams/writable:510:10)
    at Console.log (/home/chris/.nvm/versions/node/v22.23.2/lib/node_modules/firebase-tools/node_modules/winston/lib/winston/transports/console.js:87:23)
    at Console._write (/home/chris/.nvm/versions/node/v22.23.2/lib/node_modules/firebase-tools/node_modules/winston-transport/modern.js:103:17)
    at doWrite (/home/chris/.nvm/versions/node/v22.23.2/lib/node_modules/firebase-tools/node_modules/winston-transport/node_modules/readable-stream/lib/_stream_writable.js:390:139)
[error] 
[error] Error: An unexpected error has occurred.
[debug] [2026-09-08T16:18:00.303Z] Error: write EPIPE
    at afterWriteDispatched (node:internal/stream_base_commons:159:15)
    at writeGeneric (node:internal/stream_base_commons:150:3)
    at Socket._writeGeneric (node:net:967:11)
    at Socket._write (node:net:979:8)
    at writeOrBuffer (node:internal/streams/writable:572:12)
    at _write (node:internal/streams/writable:501:10)
    at Writable.write (node:internal/streams/writable:510:10)
    at Console.log (/home/chris/.nvm/versions/node/v22.23.2/lib/node_modules/firebase-tools/node_modules/winston/lib/winston/transports/console.js:87:23)
    at Console._write (/home/chris/.nvm/versions/node/v22.23.2/lib/node_modules/firebase-tools/node_modules/winston-transport/modern.js:103:17)
    at doWrite (/home/chris/.nvm/versions/node/v22.23.2/lib/node_modules/firebase-tools/node_modules/winston-transport/node_modules/readable-stream/lib/_stream_writable.js:390:139)
[error] 
[error] Error: An unexpected error has occurred.
[debug] [2026-09-08T16:18:00.303Z] Error: write EPIPE
    at afterWriteDispatched (node:internal/stream_base_commons:159:15)
    at writeGeneric (node:internal/stream_base_commons:150:3)
    at Socket._writeGeneric (node:net:967:11)
    at Socket._write (node:net:979:8)
    at writeOrBuffer (node:internal/streams/writable:572:12)
    at _write (node:internal/streams/writable:501:10)
    at Writable.write (node:internal/streams/writable:510:10)
    at Console.log (/home/chris/.nvm/versions/node/v22.23.2/lib/node_modules/firebase-tools/node_modules/winston/lib/winston/transports/console.js:87:23)
    at Console._write (/home/chris/.nvm/versions/node/v22.23.2/lib/node_modules/firebase-tools/node_modules/winston-transport/modern.js:103:17)
    at doWrite (/home/chris/.nvm/versions/node/v22.23.2/lib/node_modules/firebase-tools/node_modules/winston-transport/node_modules/readable-stream/lib/_stream_writable.js:390:139)
[error] 
[error] Error: An unexpected error has occurred.
[debug] [2026-09-08T16:18:00.304Z] Error: write EPIPE
    at afterWriteDispatched (node:internal/stream_base_commons:159:15)
    at writeGeneric (node:internal/stream_base_commons:150:3)
    at Socket._writeGeneric (node:net:967:11)
    at Socket._write (node:net:979:8)
    at writeOrBuffer (node:internal/streams/writable:572:12)
    at _write (node:internal/streams/writable:501:10)
    at Writable.write (node:internal/streams/writable:510:10)
    at Console.log (/home/chris/.nvm/versions/node/v22.23.2/lib/node_modules/firebase-tools/node_modules/winston/lib/winston/transports/console.js:87:23)
    at Console._write (/home/chris/.nvm/versions/node/v22.23.2/lib/node_modules/firebase-tools/node_modules/winston-transport/modern.js:103:17)
    at doWrite (/home/chris/.nvm/versions/node/v22.23.2/lib/node_modules/firebase-tools/node_modules/winston-transport/node_modules/readable-stream/lib/_stream_writable.js:390:139)
[error] 
[error] Error: An unexpected error has occurred.
[debug] [2026-09-08T16:18:00.304Z] Error: write EPIPE
    at afterWriteDispatched (node:internal/stream_base_commons:159:15)
    at writeGeneric (node:internal/stream_base_commons:150:3)
    at Socket._writeGeneric (node:net:967:11)
    at Socket._write (node:net:979:8)
    at writeOrBuffer (node:internal/streams/writable:572:12)
    at _write (node:internal/streams/writable:501:10)
    at Writable.write (node:internal/streams/writable:510:10)
    at Console.log (/home/chris/.nvm/versions/node/v22.23.2/lib/node_modules/firebase-tools/node_modules/winston/lib/winston/transports/console.js:87:23)
    at Console._write (/home/chris/.nvm/versions/node/v22.23.2/lib/node_modules/firebase-tools/node_modules/winston-transport/modern.js:103:17)
    at doWrite (/home/chris/.nvm/versions/node/v22.23.2/lib/node_modules/firebase-tools/node_modules/winston-transport/node_modules/readable-stream/lib/_stream_writable.js:390:139)
[error] 
[error] Error: An unexpected error has occurred.
[debug] [2026-09-08T16:18:00.304Z] Error: write EPIPE
    at afterWriteDispatched (node:internal/stream_base_commons:159:15)
    at writeGeneric (node:internal/stream_base_commons:150:3)
    at Socket._writeGeneric (node:net:967:11)
    at Socket._write (node:net:979:8)
    at writeOrBuffer (node:internal/streams/writable:572:12)
    at _write (node:internal/streams/writable:501:10)
    at Writable.write (node:internal/streams/writable:510:10)
    at Console.log (/home/chris/.nvm/versions/node/v22.23.2/lib/node_modules/firebase-tools/node_modules/winston/lib/winston/transports/console.js:87:23)
    at Console._write (/home/chris/.nvm/versions/node/v22.23.2/lib/node_modules/firebase-tools/node_modules/winston-transport/modern.js:103:17)
    at doWrite (/home/chris/.nvm/versions/node/v22.23.2/lib/node_modules/firebase-tools/node_modules/winston-transport/node_modules/readable-stream/lib/_stream_writable.js:390:139)
[error] 
[error] Error: An unexpected error has occurred.
[debug] [2026-09-08T16:18:00.305Z] Error: write EPIPE
    at afterWriteDispatched (node:internal/stream_base_commons:159:15)
    at writeGeneric (node:internal/stream_base_commons:150:3)
    at Socket._writeGeneric (node:net:967:11)
    at Socket._write (node:net:979:8)
    at writeOrBuffer (node:internal/streams/writable:572:12)
    at _write (node:internal/streams/writable:501:10)
    at Writable.write (node:internal/streams/writable:510:10)
    at Console.log (/home/chris/.nvm/versions/node/v22.23.2/lib/node_modules/firebase-tools/node_modules/winston/lib/winston/transports/console.js:87:23)
    at Console._write (/home/chris/.nvm/versions/node/v22.23.2/lib/node_modules/firebase-tools/node_modules/winston-transport/modern.js:103:17)
    at doWrite (/home/chris/.nvm/versions/node/v22.23.2/lib/node_modules/firebase-tools/node_modules/winston-transport/node_modules/readable-stream/lib/_stream_writable.js:390:139)
[error] 
[error] Error: An unexpected error has occurred.
[debug] [2026-09-08T16:18:00.305Z] Error: write EPIPE
    at afterWriteDispatched (node:internal/stream_base_commons:159:15)
    at writeGeneric (node:internal/stream_base_commons:150:3)
    at Socket._writeGeneric (node:net:967:11)
    at Socket._write (node:net:979:8)
    at writeOrBuffer (node:internal/streams/writable:572:12)
    at _write (node:internal/streams/writable:501:10)
    at Writable.write (node:internal/streams/writable:510:10)
    at Console.log (/home/chris/.nvm/versions/node/v22.23.2/lib/node_modules/firebase-tools/node_modules/winston/lib/winston/transports/console.js:87:23)
    at Console._write (/home/chris/.nvm/versions/node/v22.23.2/lib/node_modules/firebase-tools/node_modules/winston-transport/modern.js:103:17)
    at doWrite (/home/chris/.nvm/versions/node/v22.23.2/lib/node_modules/firebase-tools/node_modules/winston-transport/node_modules/readable-stream/lib/_stream_writable.js:390:139)
[error] 
[error] Error: An unexpected error has occurred.
[debug] [2026-09-08T16:18:00.305Z] Error: write EPIPE
    at afterWriteDispatched (node:internal/stream_base_commons:159:15)
    at writeGeneric (node:internal/stream_base_commons:150:3)
    at Socket._writeGeneric (node:net:967:11)
    at Socket._write (node:net:979:8)
    at writeOrBuffer (node:internal/streams/writable:572:12)
    at _write (node:internal/streams/writable:501:10)
    at Writable.write (node:internal/streams/writable:510:10)
    at Console.log (/home/chris/.nvm/versions/node/v22.23.2/lib/node_modules/firebase-tools/node_modules/winston/lib/winston/transports/console.js:87:23)
    at Console._write (/home/chris/.nvm/versions/node/v22.23.2/lib/node_modules/firebase-tools/node_modules/winston-transport/modern.js:103:17)
    at doWrite (/home/chris/.nvm/versions/node/v22.23.2/lib/node_modules/firebase-tools/node_modules/winston-transport/node_modules/readable-stream/lib/_stream_writable.js:390:139)
[error] 
[error] Error: An unexpected error has occurred.
[debug] [2026-09-08T16:18:00.306Z] Error: write EPIPE
    at afterWriteDispatched (node:internal/stream_base_commons:159:15)
    at writeGeneric (node:internal/stream_base_commons:150:3)
    at Socket._writeGeneric (node:net:967:11)
    at Socket._write (node:net:979:8)
    at writeOrBuffer (node:internal/streams/writable:572:12)
    at _write (node:internal/streams/writable:501:10)
    at Writable.write (node:internal/streams/writable:510:10)
    at Console.log (/home/chris/.nvm/versions/node/v22.23.2/lib/node_modules/firebase-tools/node_modules/winston/lib/winston/transports/console.js:87:23)
    at Console._write (/home/chris/.nvm/versions/node/v22.23.2/lib/node_modules/firebase-tools/node_modules/winston-transport/modern.js:103:17)
    at doWrite (/home/chris/.nvm/versions/node/v22.23.2/lib/node_modules/firebase-tools/node_modules/winston-transport/node_modules/readable-stream/lib/_stream_writable.js:390:139)
[error] 
[error] Error: An unexpected error has occurred.
[debug] [2026-09-08T16:18:00.312Z] Error: write EPIPE
    at afterWriteDispatched (node:internal/stream_base_commons:159:15)
    at writeGeneric (node:internal/stream_base_commons:150:3)
    at Socket._writeGeneric (node:net:967:11)
    at Socket._write (node:net:979:8)
    at writeOrBuffer (node:internal/streams/writable:572:12)
    at _write (node:internal/streams/writable:501:10)
    at Writable.write (node:internal/streams/writable:510:10)
    at Console.log (/home/chris/.nvm/versions/node/v22.23.2/lib/node_modules/firebase-tools/node_modules/winston/lib/winston/transports/console.js:87:23)
    at Console._write (/home/chris/.nvm/versions/node/v22.23.2/lib/node_modules/firebase-tools/node_modules/winston-transport/modern.js:103:17)
    at doWrite (/home/chris/.nvm/versions/node/v22.23.2/lib/node_modules/firebase-tools/node_modules/winston-transport/node_modules/readable-stream/lib/_stream_writable.js:390:139)
[error] 
[error] Error: An unexpected error has occurred.
[debug] [2026-09-08T16:18:00.313Z] Error: write EPIPE
    at afterWriteDispatched (node:internal/stream_base_commons:159:15)
    at writeGeneric (node:internal/stream_base_commons:150:3)
    at Socket._writeGeneric (node:net:967:11)
    at Socket._write (node:net:979:8)
    at writeOrBuffer (node:internal/streams/writable:572:12)
    at _write (node:internal/streams/writable:501:10)
    at Writable.write (node:internal/streams/writable:510:10)
    at Console.log (/home/chris/.nvm/versions/node/v22.23.2/lib/node_modules/firebase-tools/node_modules/winston/lib/winston/transports/console.js:87:23)
    at Console._write (/home/chris/.nvm/versions/node/v22.23.2/lib/node_modules/firebase-tools/node_modules/winston-transport/modern.js:103:17)
    at doWrite (/home/chris/.nvm/versions/node/v22.23.2/lib/node_modules/firebase-tools/node_modules/winston-transport/node_modules/readable-stream/lib/_stream_writable.js:390:139)
[error] 
[error] Error: An unexpected error has occurred.
[debug] [2026-09-08T16:18:00.314Z] Error: write EPIPE
    at afterWriteDispatched (node:internal/stream_base_commons:159:15)
    at writeGeneric (node:internal/stream_base_commons:150:3)
    at Socket._writeGeneric (node:net:967:11)
    at Socket._write (node:net:979:8)
    at writeOrBuffer (node:internal/streams/writable:572:12)
    at _write (node:internal/streams/writable:501:10)
    at Writable.write (node:internal/streams/writable:510:10)
    at Console.log (/home/chris/.nvm/versions/node/v22.23.2/lib/node_modules/firebase-tools/node_modules/winston/lib/winston/transports/console.js:87:23)
    at Console._write (/home/chris/.nvm/versions/node/v22.23.2/lib/node_modules/firebase-tools/node_modules/winston-transport/modern.js:103:17)
    at doWrite (/home/chris/.nvm/versions/node/v22.23.2/lib/node_modules/firebase-tools/node_modules/winston-transport/node_modules/readable-stream/lib/_stream_writable.js:390:139)
[error] 
[error] Error: An unexpected error has occurred.
[debug] [2026-09-08T16:18:00.315Z] Error: write EPIPE
    at afterWriteDispatched (node:internal/stream_base_commons:159:15)
    at writeGeneric (node:internal/stream_base_commons:150:3)
    at Socket._writeGeneric (node:net:967:11)
    at Socket._write (node:net:979:8)
    at writeOrBuffer (node:internal/streams/writable:572:12)
    at _write (node:internal/streams/writable:501:10)
    at Writable.write (node:internal/streams/writable:510:10)
    at Console.log (/home/chris/.nvm/versions/node/v22.23.2/lib/node_modules/firebase-tools/node_modules/winston/lib/winston/transports/console.js:87:23)
    at Console._write (/home/chris/.nvm/versions/node/v22.23.2/lib/node_modules/firebase-tools/node_modules/winston-transport/modern.js:103:17)
    at doWrite (/home/chris/.nvm/versions/node/v22.23.2/lib/node_modules/firebase-tools/node_modules/winston-transport/node_modules/readable-stream/lib/_stream_writable.js:390:139)
[error] 
[error] Error: An unexpected error has occurred.
[debug] [2026-09-08T16:18:00.316Z] Error: write EPIPE
    at afterWriteDispatched (node:internal/stream_base_commons:159:15)
    at writeGeneric (node:internal/stream_base_commons:150:3)
    at Socket._writeGeneric (node:net:967:11)
    at Socket._write (node:net:979:8)
    at writeOrBuffer (node:internal/streams/writable:572:12)
    at _write (node:internal/streams/writable:501:10)
    at Writable.write (node:internal/streams/writable:510:10)
    at Console.log (/home/chris/.nvm/versions/node/v22.23.2/lib/node_modules/firebase-tools/node_modules/winston/lib/winston/transports/console.js:87:23)
    at Console._write (/home/chris/.nvm/versions/node/v22.23.2/lib/node_modules/firebase-tools/node_modules/winston-transport/modern.js:103:17)
    at doWrite (/home/chris/.nvm/versions/node/v22.23.2/lib/node_modules/firebase-tools/node_modules/winston-transport/node_modules/readable-stream/lib/_stream_writable.js:390:139)
[error] 
[error] Error: An unexpected error has occurred.
[debug] [2026-09-08T16:18:00.317Z] Error: write EPIPE
    at afterWriteDispatched (node:internal/stream_base_commons:159:15)
    at writeGeneric (node:internal/stream_base_commons:150:3)
    at Socket._writeGeneric (node:net:967:11)
    at Socket._write (node:net:979:8)
    at writeOrBuffer (node:internal/streams/writable:572:12)
    at _write (node:internal/streams/writable:501:10)
    at Writable.write (node:internal/streams/writable:510:10)
    at Console.log (/home/chris/.nvm/versions/node/v22.23.2/lib/node_modules/firebase-tools/node_modules/winston/lib/winston/transports/console.js:87:23)
    at Console._write (/home/chris/.nvm/versions/node/v22.23.2/lib/node_modules/firebase-tools/node_modules/winston-transport/modern.js:103:17)
    at doWrite (/home/chris/.nvm/versions/node/v22.23.2/lib/node_modules/firebase-tools/node_modules/winston-transport/node_modules/readable-stream/lib/_stream_writable.js:390:139)
[error] 
[error] Error: An unexpected error has occurred.
[debug] [2026-09-08T16:18:00.318Z] Error: write EPIPE
    at afterWriteDispatched (node:internal/stream_base_commons:159:15)
    at writeGeneric (node:internal/stream_base_commons:150:3)
    at Socket._writeGeneric (node:net:967:11)
    at Socket._write (node:net:979:8)
    at writeOrBuffer (node:internal/streams/writable:572:12)
    at _write (node:internal/streams/writable:501:10)
    at Writable.write (node:internal/streams/writable:510:10)
    at Console.log (/home/chris/.nvm/versions/node/v22.23.2/lib/node_modules/firebase-tools/node_modules/winston/lib/winston/transports/console.js:87:23)
    at Console._write (/home/chris/.nvm/versions/node/v22.23.2/lib/node_modules/firebase-tools/node_modules/winston-transport/modern.js:103:17)
    at doWrite (/home/chris/.nvm/versions/node/v22.23.2/lib/node_modules/firebase-tools/node_modules/winston-transport/node_modules/readable-stream/lib/_stream_writable.js:390:139)
[error] 
[error] Error: An unexpected error has occurred.
[debug] [2026-09-08T16:18:00.318Z] Error: write EPIPE
    at afterWriteDispatched (node:internal/stream_base_commons:159:15)
    at writeGeneric (node:internal/stream_base_commons:150:3)
    at Socket._writeGeneric (node:net:967:11)
    at Socket._write (node:net:979:8)
    at writeOrBuffer (node:internal/streams/writable:572:12)
    at _write (node:internal/streams/writable:501:10)
    at Writable.write (node:internal/streams/writable:510:10)
    at Console.log (/home/chris/.nvm/versions/node/v22.23.2/lib/node_modules/firebase-tools/node_modules/winston/lib/winston/transports/console.js:87:23)
    at Console._write (/home/chris/.nvm/versions/node/v22.23.2/lib/node_modules/firebase-tools/node_modules/winston-transport/modern.js:103:17)
    at doWrite (/home/chris/.nvm/versions/node/v22.23.2/lib/node_modules/firebase-tools/node_modules/winston-transport/node_modules/readable-stream/lib/_stream_writable.js:390:139)
[error] 
[error] Error: An unexpected error has occurred.
[debug] [2026-09-08T16:18:00.319Z] Error: write EPIPE
    at afterWriteDispatched (node:internal/stream_base_commons:159:15)
    at writeGeneric (node:internal/stream_base_commons:150:3)
    at Socket._writeGeneric (node:net:967:11)
    at Socket._write (node:net:979:8)
    at writeOrBuffer (node:internal/streams/writable:572:12)
    at _write (node:internal/streams/writable:501:10)
    at Writable.write (node:internal/streams/writable:510:10)
    at Console.log (/home/chris/.nvm/versions/node/v22.23.2/lib/node_modules/firebase-tools/node_modules/winston/lib/winston/transports/console.js:87:23)
    at Console._write (/home/chris/.nvm/versions/node/v22.23.2/lib/node_modules/firebase-tools/node_modules/winston-transport/modern.js:103:17)
    at doWrite (/home/chris/.nvm/versions/node/v22.23.2/lib/node_modules/firebase-tools/node_modules/winston-transport/node_modules/readable-stream/lib/_stream_writable.js:390:139)
[error] 
[error] Error: An unexpected error has occurred.
[debug] [2026-09-08T16:18:00.319Z] Error: write EPIPE
    at afterWriteDispatched (node:internal/stream_base_commons:159:15)
    at writeGeneric (node:internal/stream_base_commons:150:3)
    at Socket._writeGeneric (node:net:967:11)
    at Socket._write (node:net:979:8)
    at writeOrBuffer (node:internal/streams/writable:572:12)
    at _write (node:internal/streams/writable:501:10)
    at Writable.write (node:internal/streams/writable:510:10)
    at Console.log (/home/chris/.nvm/versions/node/v22.23.2/lib/node_modules/firebase-tools/node_modules/winston/lib/winston/transports/console.js:87:23)
    at Console._write (/home/chris/.nvm/versions/node/v22.23.2/lib/node_modules/firebase-tools/node_modules/winston-transport/modern.js:103:17)
    at doWrite (/home/chris/.nvm/versions/node/v22.23.2/lib/node_modules/firebase-tools/node_modules/winston-transport/node_modules/readable-stream/lib/_stream_writable.js:390:139)
[error] 
[error] Error: An unexpected error has occurred.
[debug] [2026-09-08T16:18:00.320Z] Error: write EPIPE
    at afterWriteDispatched (node:internal/stream_base_commons:159:15)
    at writeGeneric (node:internal/stream_base_commons:150:3)
    at Socket._writeGeneric (node:net:967:11)
    at Socket._write (node:net:979:8)
    at writeOrBuffer (node:internal/streams/writable:572:12)
    at _write (node:internal/streams/writable:501:10)
    at Writable.write (node:internal/streams/writable:510:10)
    at Console.log (/home/chris/.nvm/versions/node/v22.23.2/lib/node_modules/firebase-tools/node_modules/winston/lib/winston/transports/console.js:87:23)
    at Console._write (/home/chris/.nvm/versions/node/v22.23.2/lib/node_modules/firebase-tools/node_modules/winston-transport/modern.js:103:17)
    at doWrite (/home/chris/.nvm/versions/node/v22.23.2/lib/node_modules/firebase-tools/node_modules/winston-transport/node_modules/readable-stream/lib/_stream_writable.js:390:139)
[error] 
[error] Error: An unexpected error has occurred.
[debug] [2026-09-08T16:18:00.323Z] Error: write EPIPE
    at afterWriteDispatched (node:internal/stream_base_commons:159:15)
    at writeGeneric (node:internal/stream_base_commons:150:3)
    at Socket._writeGeneric (node:net:967:11)
    at Socket._write (node:net:979:8)
    at writeOrBuffer (node:internal/streams/writable:572:12)
    at _write (node:internal/streams/writable:501:10)
    at Writable.write (node:internal/streams/writable:510:10)
    at Console.log (/home/chris/.nvm/versions/node/v22.23.2/lib/node_modules/firebase-tools/node_modules/winston/lib/winston/transports/console.js:87:23)
    at Console._write (/home/chris/.nvm/versions/node/v22.23.2/lib/node_modules/firebase-tools/node_modules/winston-transport/modern.js:103:17)
    at doWrite (/home/chris/.nvm/versions/node/v22.23.2/lib/node_modules/firebase-tools/node_modules/winston-transport/node_modules/readable-stream/lib/_stream_writable.js:390:139)
[error] 
[error] Error: An unexpected error has occurred.
[debug] [2026-09-08T16:18:00.324Z] Error: write EPIPE
    at afterWriteDispatched (node:internal/stream_base_commons:159:15)
    at writeGeneric (node:internal/stream_base_commons:150:3)
    at Socket._writeGeneric (node:net:967:11)
    at Socket._write (node:net:979:8)
    at writeOrBuffer (node:internal/streams/writable:572:12)
    at _write (node:internal/streams/writable:501:10)
    at Writable.write (node:internal/streams/writable:510:10)
    at Console.log (/home/chris/.nvm/versions/node/v22.23.2/lib/node_modules/firebase-tools/node_modules/winston/lib/winston/transports/console.js:87:23)
    at Console._write (/home/chris/.nvm/versions/node/v22.23.2/lib/node_modules/firebase-tools/node_modules/winston-transport/modern.js:103:17)
    at doWrite (/home/chris/.nvm/versions/node/v22.23.2/lib/node_modules/firebase-tools/node_modules/winston-transport/node_modules/readable-stream/lib/_stream_writable.js:390:139)
[error] 
[error] Error: An unexpected error has occurred.
[debug] [2026-09-08T16:18:00.325Z] Error: write EPIPE
    at afterWriteDispatched (node:internal/stream_base_commons:159:15)
    at writeGeneric (node:internal/stream_base_commons:150:3)
    at Socket._writeGeneric (node:net:967:11)
    at Socket._write (node:net:979:8)
    at writeOrBuffer (node:internal/streams/writable:572:12)
    at _write (node:internal/streams/writable:501:10)
    at Writable.write (node:internal/streams/writable:510:10)
    at Console.log (/home/chris/.nvm/versions/node/v22.23.2/lib/node_modules/firebase-tools/node_modules/winston/lib/winston/transports/console.js:87:23)
    at Console._write (/home/chris/.nvm/versions/node/v22.23.2/lib/node_modules/firebase-tools/node_modules/winston-transport/modern.js:103:17)
    at doWrite (/home/chris/.nvm/versions/node/v22.23.2/lib/node_modules/firebase-tools/node_modules/winston-transport/node_modules/readable-stream/lib/_stream_writable.js:390:139)
[error] 
[error] Error: An unexpected error has occurred.
[debug] [2026-09-08T16:18:00.326Z] Error: write EPIPE
    at afterWriteDispatched (node:internal/stream_base_commons:159:15)
    at writeGeneric (node:internal/stream_base_commons:150:3)
    at Socket._writeGeneric (node:net:967:11)
    at Socket._write (node:net:979:8)
    at writeOrBuffer (node:internal/streams/writable:572:12)
    at _write (node:internal/streams/writable:501:10)
    at Writable.write (node:internal/streams/writable:510:10)
    at Console.log (/home/chris/.nvm/versions/node/v22.23.2/lib/node_modules/firebase-tools/node_modules/winston/lib/winston/transports/console.js:87:23)
    at Console._write (/home/chris/.nvm/versions/node/v22.23.2/lib/node_modules/firebase-tools/node_modules/winston-transport/modern.js:103:17)
    at doWrite (/home/chris/.nvm/versions/node/v22.23.2/lib/node_modules/firebase-tools/node_modules/winston-transport/node_modules/readable-stream/lib/_stream_writable.js:390:139)
[error] 
[error] Error: An unexpected error has occurred.
[debug] [2026-09-08T16:18:00.327Z] Error: write EPIPE
    at afterWriteDispatched (node:internal/stream_base_commons:159:15)
    at writeGeneric (node:internal/stream_base_commons:150:3)
    at Socket._writeGeneric (node:net:967:11)
    at Socket._write (node:net:979:8)
    at writeOrBuffer (node:internal/streams/writable:572:12)
    at _write (node:internal/streams/writable:501:10)
    at Writable.write (node:internal/streams/writable:510:10)
    at Console.log (/home/chris/.nvm/versions/node/v22.23.2/lib/node_modules/firebase-tools/node_modules/winston/lib/winston/transports/console.js:87:23)
    at Console._write (/home/chris/.nvm/versions/node/v22.23.2/lib/node_modules/firebase-tools/node_modules/winston-transport/modern.js:103:17)
    at doWrite (/home/chris/.nvm/versions/node/v22.23.2/lib/node_modules/firebase-tools/node_modules/winston-transport/node_modules/readable-stream/lib/_stream_writable.js:390:139)
[error] 
[error] Error: An unexpected error has occurred.
[debug] [2026-09-08T16:18:00.328Z] Error: write EPIPE
    at afterWriteDispatched (node:internal/stream_base_commons:159:15)
    at writeGeneric (node:internal/stream_base_commons:150:3)
    at Socket._writeGeneric (node:net:967:11)
    at Socket._write (node:net:979:8)
    at writeOrBuffer (node:internal/streams/writable:572:12)
    at _write (node:internal/streams/writable:501:10)
    at Writable.write (node:internal/streams/writable:510:10)
    at Console.log (/home/chris/.nvm/versions/node/v22.23.2/lib/node_modules/firebase-tools/node_modules/winston/lib/winston/transports/console.js:87:23)
    at Console._write (/home/chris/.nvm/versions/node/v22.23.2/lib/node_modules/firebase-tools/node_modules/winston-transport/modern.js:103:17)
    at doWrite (/home/chris/.nvm/versions/node/v22.23.2/lib/node_modules/firebase-tools/node_modules/winston-transport/node_modules/readable-stream/lib/_stream_writable.js:390:139)
[error] 
[error] Error: An unexpected error has occurred.
[debug] [2026-09-08T16:18:00.328Z] Error: write EPIPE
    at afterWriteDispatched (node:internal/stream_base_commons:159:15)
    at writeGeneric (node:internal/stream_base_commons:150:3)
    at Socket._writeGeneric (node:net:967:11)
    at Socket._write (node:net:979:8)
    at writeOrBuffer (node:internal/streams/writable:572:12)
    at _write (node:internal/streams/writable:501:10)
    at Writable.write (node:internal/streams/writable:510:10)
    at Console.log (/home/chris/.nvm/versions/node/v22.23.2/lib/node_modules/firebase-tools/node_modules/winston/lib/winston/transports/console.js:87:23)
    at Console._write (/home/chris/.nvm/versions/node/v22.23.2/lib/node_modules/firebase-tools/node_modules/winston-transport/modern.js:103:17)
    at doWrite (/home/chris/.nvm/versions/node/v22.23.2/lib/node_modules/firebase-tools/node_modules/winston-transport/node_modules/readable-stream/lib/_stream_writable.js:390:139)
[error] 
[error] Error: An unexpected error has occurred.
[debug] [2026-09-08T16:18:00.329Z] Error: write EPIPE
    at afterWriteDispatched (node:internal/stream_base_commons:159:15)
    at writeGeneric (node:internal/stream_base_commons:150:3)
    at Socket._writeGeneric (node:net:967:11)
    at Socket._write (node:net:979:8)
    at writeOrBuffer (node:internal/streams/writable:572:12)
    at _write (node:internal/streams/writable:501:10)
    at Writable.write (node:internal/streams/writable:510:10)
    at Console.log (/home/chris/.nvm/versions/node/v22.23.2/lib/node_modules/firebase-tools/node_modules/winston/lib/winston/transports/console.js:87:23)
    at Console._write (/home/chris/.nvm/versions/node/v22.23.2/lib/node_modules/firebase-tools/node_modules/winston-transport/modern.js:103:17)
    at doWrite (/home/chris/.nvm/versions/node/v22.23.2/lib/node_modules/firebase-tools/node_modules/winston-transport/node_modules/readable-stream/lib/_stream_writable.js:390:139)
[error] 
[error] Error: An unexpected error has occurred.
[debug] [2026-09-08T16:18:00.330Z] Error: write EPIPE
    at afterWriteDispatched (node:internal/stream_base_commons:159:15)
    at writeGeneric (node:internal/stream_base_commons:150:3)
    at Socket._writeGeneric (node:net:967:11)
    at Socket._write (node:net:979:8)
    at writeOrBuffer (node:internal/streams/writable:572:12)
    at _write (node:internal/streams/writable:501:10)
    at Writable.write (node:internal/streams/writable:510:10)
    at Console.log (/home/chris/.nvm/versions/node/v22.23.2/lib/node_modules/firebase-tools/node_modules/winston/lib/winston/transports/console.js:87:23)
    at Console._write (/home/chris/.nvm/versions/node/v22.23.2/lib/node_modules/firebase-tools/node_modules/winston-transport/modern.js:103:17)
    at doWrite (/home/chris/.nvm/versions/node/v22.23.2/lib/node_modules/firebase-tools/node_modules/winston-transport/node_modules/readable-stream/lib/_stream_writable.js:390:139)
[error] 
[error] Error: An unexpected error has occurred.
[debug] [2026-09-08T16:18:00.330Z] Error: write EPIPE
    at afterWriteDispatched (node:internal/stream_base_commons:159:15)
    at writeGeneric (node:internal/stream_base_commons:150:3)
    at Socket._writeGeneric (node:net:967:11)
    at Socket._write (node:net:979:8)
    at writeOrBuffer (node:internal/streams/writable:572:12)
    at _write (node:internal/streams/writable:501:10)
    at Writable.write (node:internal/streams/writable:510:10)
    at Console.log (/home/chris/.nvm/versions/node/v22.23.2/lib/node_modules/firebase-tools/node_modules/winston/lib/winston/transports/console.js:87:23)
    at Console._write (/home/chris/.nvm/versions/node/v22.23.2/lib/node_modules/firebase-tools/node_modules/winston-transport/modern.js:103:17)
    at doWrite (/home/chris/.nvm/versions/node/v22.23.2/lib/node_modules/firebase-tools/node_modules/winston-transport/node_modules/readable-stream/lib/_stream_writable.js:390:139)
[error] 
[error] Error: An unexpected error has occurred.
[debug] [2026-09-08T16:18:00.331Z] Error: write EPIPE
    at afterWriteDispatched (node:internal/stream_base_commons:159:15)
    at writeGeneric (node:internal/stream_base_commons:150:3)
    at Socket._writeGeneric (node:net:967:11)
    at Socket._write (node:net:979:8)
    at writeOrBuffer (node:internal/streams/writable:572:12)
    at _write (node:internal/streams/writable:501:10)
    at Writable.write (node:internal/streams/writable:510:10)
    at Console.log (/home/chris/.nvm/versions/node/v22.23.2/lib/node_modules/firebase-tools/node_modules/winston/lib/winston/transports/console.js:87:23)
    at Console._write (/home/chris/.nvm/versions/node/v22.23.2/lib/node_modules/firebase-tools/node_modules/winston-transport/modern.js:103:17)
    at doWrite (/home/chris/.nvm/versions/node/v22.23.2/lib/node_modules/firebase-tools/node_modules/winston-transport/node_modules/readable-stream/lib/_stream_writable.js:390:139)
[error] 
[error] Error: An unexpected error has occurred.
[debug] [2026-09-08T16:18:00.331Z] Error: write EPIPE
    at afterWriteDispatched (node:internal/stream_base_commons:159:15)
    at writeGeneric (node:internal/stream_base_commons:150:3)
    at Socket._writeGeneric (node:net:967:11)
    at Socket._write (node:net:979:8)
    at writeOrBuffer (node:internal/streams/writable:572:12)
    at _write (node:internal/streams/writable:501:10)
    at Writable.write (node:internal/streams/writable:510:10)
    at Console.log (/home/chris/.nvm/versions/node/v22.23.2/lib/node_modules/firebase-tools/node_modules/winston/lib/winston/transports/console.js:87:23)
    at Console._write (/home/chris/.nvm/versions/node/v22.23.2/lib/node_modules/firebase-tools/node_modules/winston-transport/modern.js:103:17)
    at doWrite (/home/chris/.nvm/versions/node/v22.23.2/lib/node_modules/firebase-tools/node_modules/winston-transport/node_modules/readable-stream/lib/_stream_writable.js:390:139)
[error] 
[error] Error: An unexpected error has occurred.
[debug] [2026-09-08T16:18:00.331Z] Error: write EPIPE
    at afterWriteDispatched (node:internal/stream_base_commons:159:15)
    at writeGeneric (node:internal/stream_base_commons:150:3)
    at Socket._writeGeneric (node:net:967:11)
    at Socket._write (node:net:979:8)
    at writeOrBuffer (node:internal/streams/writable:572:12)
    at _write (node:internal/streams/writable:501:10)
    at Writable.write (node:internal/streams/writable:510:10)
    at Console.log (/home/chris/.nvm/versions/node/v22.23.2/lib/node_modules/firebase-tools/node_modules/winston/lib/winston/transports/console.js:87:23)
    at Console._write (/home/chris/.nvm/versions/node/v22.23.2/lib/node_modules/firebase-tools/node_modules/winston-transport/modern.js:103:17)
    at doWrite (/home/chris/.nvm/versions/node/v22.23.2/lib/node_modules/firebase-tools/node_modules/winston-transport/node_modules/readable-stream/lib/_stream_writable.js:390:139)
[error] 
[error] Error: An unexpected error has occurred.
[debug] [2026-09-08T16:18:00.332Z] Error: write EPIPE
    at afterWriteDispatched (node:internal/stream_base_commons:159:15)
    at writeGeneric (node:internal/stream_base_commons:150:3)
    at Socket._writeGeneric (node:net:967:11)
    at Socket._write (node:net:979:8)
    at writeOrBuffer (node:internal/streams/writable:572:12)
    at _write (node:internal/streams/writable:501:10)
    at Writable.write (node:internal/streams/writable:510:10)
    at Console.log (/home/chris/.nvm/versions/node/v22.23.2/lib/node_modules/firebase-tools/node_modules/winston/lib/winston/transports/console.js:87:23)
    at Console._write (/home/chris/.nvm/versions/node/v22.23.2/lib/node_modules/firebase-tools/node_modules/winston-transport/modern.js:103:17)
    at doWrite (/home/chris/.nvm/versions/node/v22.23.2/lib/node_modules/firebase-tools/node_modules/winston-transport/node_modules/readable-stream/lib/_stream_writable.js:390:139)
[error] 
[error] Error: An unexpected error has occurred.
[debug] [2026-09-08T16:18:00.332Z] Error: write EPIPE
    at afterWriteDispatched (node:internal/stream_base_commons:159:15)
    at writeGeneric (node:internal/stream_base_commons:150:3)
    at Socket._writeGeneric (node:net:967:11)
    at Socket._write (node:net:979:8)
    at writeOrBuffer (node:internal/streams/writable:572:12)
    at _write (node:internal/streams/writable:501:10)
    at Writable.write (node:internal/streams/writable:510:10)
    at Console.log (/home/chris/.nvm/versions/node/v22.23.2/lib/node_modules/firebase-tools/node_modules/winston/lib/winston/transports/console.js:87:23)
    at Console._write (/home/chris/.nvm/versions/node/v22.23.2/lib/node_modules/firebase-tools/node_modules/winston-transport/modern.js:103:17)
    at doWrite (/home/chris/.nvm/versions/node/v22.23.2/lib/node_modules/firebase-tools/node_modules/winston-transport/node_modules/readable-stream/lib/_stream_writable.js:390:139)
[error] 
[error] Error: An unexpected error has occurred.
[debug] [2026-09-08T16:18:00.332Z] Error: write EPIPE
    at afterWriteDispatched (node:internal/stream_base_commons:159:15)
    at writeGeneric (node:internal/stream_base_commons:150:3)
    at Socket._writeGeneric (node:net:967:11)
    at Socket._write (node:net:979:8)
    at writeOrBuffer (node:internal/streams/writable:572:12)
    at _write (node:internal/streams/writable:501:10)
    at Writable.write (node:internal/streams/writable:510:10)
    at Console.log (/home/chris/.nvm/versions/node/v22.23.2/lib/node_modules/firebase-tools/node_modules/winston/lib/winston/transports/console.js:87:23)
    at Console._write (/home/chris/.nvm/versions/node/v22.23.2/lib/node_modules/firebase-tools/node_modules/winston-transport/modern.js:103:17)
    at doWrite (/home/chris/.nvm/versions/node/v22.23.2/lib/node_modules/firebase-tools/node_modules/winston-transport/node_modules/readable-stream/lib/_stream_writable.js:390:139)
[error] 
[error] Error: An unexpected error has occurred.
[debug] [2026-09-08T16:18:00.333Z] Error: write EPIPE
    at afterWriteDispatched (node:internal/stream_base_commons:159:15)
    at writeGeneric (node:internal/stream_base_commons:150:3)
    at Socket._writeGeneric (node:net:967:11)
    at Socket._write (node:net:979:8)
    at writeOrBuffer (node:internal/streams/writable:572:12)
    at _write (node:internal/streams/writable:501:10)
    at Writable.write (node:internal/streams/writable:510:10)
    at Console.log (/home/chris/.nvm/versions/node/v22.23.2/lib/node_modules/firebase-tools/node_modules/winston/lib/winston/transports/console.js:87:23)
    at Console._write (/home/chris/.nvm/versions/node/v22.23.2/lib/node_modules/firebase-tools/node_modules/winston-transport/modern.js:103:17)
    at doWrite (/home/chris/.nvm/versions/node/v22.23.2/lib/node_modules/firebase-tools/node_modules/winston-transport/node_modules/readable-stream/lib/_stream_writable.js:390:139)
[error] 
[error] Error: An unexpected error has occurred.
[debug] [2026-09-08T16:18:00.333Z] Error: write EPIPE
    at afterWriteDispatched (node:internal/stream_base_commons:159:15)
    at writeGeneric (node:internal/stream_base_commons:150:3)
    at Socket._writeGeneric (node:net:967:11)
    at Socket._write (node:net:979:8)
    at writeOrBuffer (node:internal/streams/writable:572:12)
    at _write (node:internal/streams/writable:501:10)
    at Writable.write (node:internal/streams/writable:510:10)
    at Console.log (/home/chris/.nvm/versions/node/v22.23.2/lib/node_modules/firebase-tools/node_modules/winston/lib/winston/transports/console.js:87:23)
    at Console._write (/home/chris/.nvm/versions/node/v22.23.2/lib/node_modules/firebase-tools/node_modules/winston-transport/modern.js:103:17)
    at doWrite (/home/chris/.nvm/versions/node/v22.23.2/lib/node_modules/firebase-tools/node_modules/winston-transport/node_modules/readable-stream/lib/_stream_writable.js:390:139)
[error] 
[error] Error: An unexpected error has occurred.
[debug] [2026-09-08T16:18:00.334Z] Error: write EPIPE
    at afterWriteDispatched (node:internal/stream_base_commons:159:15)
    at writeGeneric (node:internal/stream_base_commons:150:3)
    at Socket._writeGeneric (node:net:967:11)
    at Socket._write (node:net:979:8)
    at writeOrBuffer (node:internal/streams/writable:572:12)
    at _write (node:internal/streams/writable:501:10)
    at Writable.write (node:internal/streams/writable:510:10)
    at Console.log (/home/chris/.nvm/versions/node/v22.23.2/lib/node_modules/firebase-tools/node_modules/winston/lib/winston/transports/console.js:87:23)
    at Console._write (/home/chris/.nvm/versions/node/v22.23.2/lib/node_modules/firebase-tools/node_modules/winston-transport/modern.js:103:17)
    at doWrite (/home/chris/.nvm/versions/node/v22.23.2/lib/node_modules/firebase-tools/node_modules/winston-transport/node_modules/readable-stream/lib/_stream_writable.js:390:139)
[error] 
[error] Error: An unexpected error has occurred.
[debug] [2026-09-08T16:18:00.334Z] Error: write EPIPE
    at afterWriteDispatched (node:internal/stream_base_commons:159:15)
    at writeGeneric (node:internal/stream_base_commons:150:3)
    at Socket._writeGeneric (node:net:967:11)
    at Socket._write (node:net:979:8)
    at writeOrBuffer (node:internal/streams/writable:572:12)
    at _write (node:internal/streams/writable:501:10)
    at Writable.write (node:internal/streams/writable:510:10)
    at Console.log (/home/chris/.nvm/versions/node/v22.23.2/lib/node_modules/firebase-tools/node_modules/winston/lib/winston/transports/console.js:87:23)
    at Console._write (/home/chris/.nvm/versions/node/v22.23.2/lib/node_modules/firebase-tools/node_modules/winston-transport/modern.js:103:17)
    at doWrite (/home/chris/.nvm/versions/node/v22.23.2/lib/node_modules/firebase-tools/node_modules/winston-transport/node_modules/readable-stream/lib/_stream_writable.js:390:139)
[error] 
[error] Error: An unexpected error has occurred.
[debug] [2026-09-08T16:18:00.334Z] Error: write EPIPE
    at afterWriteDispatched (node:internal/stream_base_commons:159:15)
    at writeGeneric (node:internal/stream_base_commons:150:3)
    at Socket._writeGeneric (node:net:967:11)
    at Socket._write (node:net:979:8)
    at writeOrBuffer (node:internal/streams/writable:572:12)
    at _write (node:internal/streams/writable:501:10)
    at Writable.write (node:internal/streams/writable:510:10)
    at Console.log (/home/chris/.nvm/versions/node/v22.23.2/lib/node_modules/firebase-tools/node_modules/winston/lib/winston/transports/console.js:87:23)
    at Console._write (/home/chris/.nvm/versions/node/v22.23.2/lib/node_modules/firebase-tools/node_modules/winston-transport/modern.js:103:17)
    at doWrite (/home/chris/.nvm/versions/node/v22.23.2/lib/node_modules/firebase-tools/node_modules/winston-transport/node_modules/readable-stream/lib/_stream_writable.js:390:139)
[error] 
[error] Error: An unexpected error has occurred.
[debug] [2026-09-08T16:18:00.335Z] Error: write EPIPE
    at afterWriteDispatched (node:internal/stream_base_commons:159:15)
    at writeGeneric (node:internal/stream_base_commons:150:3)
    at Socket._writeGeneric (node:net:967:11)
    at Socket._write (node:net:979:8)
    at writeOrBuffer (node:internal/streams/writable:572:12)
    at _write (node:internal/streams/writable:501:10)
    at Writable.write (node:internal/streams/writable:510:10)
    at Console.log (/home/chris/.nvm/versions/node/v22.23.2/lib/node_modules/firebase-tools/node_modules/winston/lib/winston/transports/console.js:87:23)
    at Console._write (/home/chris/.nvm/versions/node/v22.23.2/lib/node_modules/firebase-tools/node_modules/winston-transport/modern.js:103:17)
    at doWrite (/home/chris/.nvm/versions/node/v22.23.2/lib/node_modules/firebase-tools/node_modules/winston-transport/node_modules/readable-stream/lib/_stream_writable.js:390:139)
[error] 
[error] Error: An unexpected error has occurred.
[debug] [2026-09-08T16:18:00.336Z] Error: write EPIPE
    at afterWriteDispatched (node:internal/stream_base_commons:159:15)
    at writeGeneric (node:internal/stream_base_commons:150:3)
    at Socket._writeGeneric (node:net:967:11)
    at Socket._write (node:net:979:8)
    at writeOrBuffer (node:internal/streams/writable:572:12)
    at _write (node:internal/streams/writable:501:10)
    at Writable.write (node:internal/streams/writable:510:10)
    at Console.log (/home/chris/.nvm/versions/node/v22.23.2/lib/node_modules/firebase-tools/node_modules/winston/lib/winston/transports/console.js:87:23)
    at Console._write (/home/chris/.nvm/versions/node/v22.23.2/lib/node_modules/firebase-tools/node_modules/winston-transport/modern.js:103:17)
    at doWrite (/home/chris/.nvm/versions/node/v22.23.2/lib/node_modules/firebase-tools/node_modules/winston-transport/node_modules/readable-stream/lib/_stream_writable.js:390:139)
[error] 
[error] Error: An unexpected error has occurred.
[debug] [2026-09-08T16:18:00.336Z] Error: write EPIPE
    at afterWriteDispatched (node:internal/stream_base_commons:159:15)
    at writeGeneric (node:internal/stream_base_commons:150:3)
    at Socket._writeGeneric (node:net:967:11)
    at Socket._write (node:net:979:8)
    at writeOrBuffer (node:internal/streams/writable:572:12)
    at _write (node:internal/streams/writable:501:10)
    at Writable.write (node:internal/streams/writable:510:10)
    at Console.log (/home/chris/.nvm/versions/node/v22.23.2/lib/node_modules/firebase-tools/node_modules/winston/lib/winston/transports/console.js:87:23)
    at Console._write (/home/chris/.nvm/versions/node/v22.23.2/lib/node_modules/firebase-tools/node_modules/winston-transport/modern.js:103:17)
    at doWrite (/home/chris/.nvm/versions/node/v22.23.2/lib/node_modules/firebase-tools/node_modules/winston-transport/node_modules/readable-stream/lib/_stream_writable.js:390:139)
[error] 
[error] Error: An unexpected error has occurred.
[debug] [2026-09-08T16:18:00.336Z] Error: write EPIPE
    at afterWriteDispatched (node:internal/stream_base_commons:159:15)
    at writeGeneric (node:internal/stream_base_commons:150:3)
    at Socket._writeGeneric (node:net:967:11)
    at Socket._write (node:net:979:8)
    at writeOrBuffer (node:internal/streams/writable:572:12)
    at _write (node:internal/streams/writable:501:10)
    at Writable.write (node:internal/streams/writable:510:10)
    at Console.log (/home/chris/.nvm/versions/node/v22.23.2/lib/node_modules/firebase-tools/node_modules/winston/lib/winston/transports/console.js:87:23)
    at Console._write (/home/chris/.nvm/versions/node/v22.23.2/lib/node_modules/firebase-tools/node_modules/winston-transport/modern.js:103:17)
    at doWrite (/home/chris/.nvm/versions/node/v22.23.2/lib/node_modules/firebase-tools/node_modules/winston-transport/node_modules/readable-stream/lib/_stream_writable.js:390:139)
[error] 
[error] Error: An unexpected error has occurred.
[debug] [2026-09-08T16:18:00.337Z] Error: write EPIPE
    at afterWriteDispatched (node:internal/stream_base_commons:159:15)
    at writeGeneric (node:internal/stream_base_commons:150:3)
    at Socket._writeGeneric (node:net:967:11)
    at Socket._write (node:net:979:8)
    at writeOrBuffer (node:internal/streams/writable:572:12)
    at _write (node:internal/streams/writable:501:10)
    at Writable.write (node:internal/streams/writable:510:10)
    at Console.log (/home/chris/.nvm/versions/node/v22.23.2/lib/node_modules/firebase-tools/node_modules/winston/lib/winston/transports/console.js:87:23)
    at Console._write (/home/chris/.nvm/versions/node/v22.23.2/lib/node_modules/firebase-tools/node_modules/winston-transport/modern.js:103:17)
    at doWrite (/home/chris/.nvm/versions/node/v22.23.2/lib/node_modules/firebase-tools/node_modules/winston-transport/node_modules/readable-stream/lib/_stream_writable.js:390:139)
[error] 
[error] Error: An unexpected error has occurred.
[debug] [2026-09-08T16:18:00.337Z] Error: write EPIPE
    at afterWriteDispatched (node:internal/stream_base_commons:159:15)
    at writeGeneric (node:internal/stream_base_commons:150:3)
    at Socket._writeGeneric (node:net:967:11)
    at Socket._write (node:net:979:8)
    at writeOrBuffer (node:internal/streams/writable:572:12)
    at _write (node:internal/streams/writable:501:10)
    at Writable.write (node:internal/streams/writable:510:10)
    at Console.log (/home/chris/.nvm/versions/node/v22.23.2/lib/node_modules/firebase-tools/node_modules/winston/lib/winston/transports/console.js:87:23)
    at Console._write (/home/chris/.nvm/versions/node/v22.23.2/lib/node_modules/firebase-tools/node_modules/winston-transport/modern.js:103:17)
    at doWrite (/home/chris/.nvm/versions/node/v22.23.2/lib/node_modules/firebase-tools/node_modules/winston-transport/node_modules/readable-stream/lib/_stream_writable.js:390:139)
[error] 
[error] Error: An unexpected error has occurred.
[debug] [2026-09-08T16:18:00.337Z] Error: write EPIPE
    at afterWriteDispatched (node:internal/stream_base_commons:159:15)
    at writeGeneric (node:internal/stream_base_commons:150:3)
    at Socket._writeGeneric (node:net:967:11)
    at Socket._write (node:net:979:8)
    at writeOrBuffer (node:internal/streams/writable:572:12)
    at _write (node:internal/streams/writable:501:10)
    at Writable.write (node:internal/streams/writable:510:10)
    at Console.log (/home/chris/.nvm/versions/node/v22.23.2/lib/node_modules/firebase-tools/node_modules/winston/lib/winston/transports/console.js:87:23)
    at Console._write (/home/chris/.nvm/versions/node/v22.23.2/lib/node_modules/firebase-tools/node_modules/winston-transport/modern.js:103:17)
    at doWrite (/home/chris/.nvm/versions/node/v22.23.2/lib/node_modules/firebase-tools/node_modules/winston-transport/node_modules/readable-stream/lib/_stream_writable.js:390:139)
[error] 
[error] Error: An unexpected error has occurred.
[debug] [2026-09-08T16:18:00.338Z] Error: write EPIPE
    at afterWriteDispatched (node:internal/stream_base_commons:159:15)
    at writeGeneric (node:internal/stream_base_commons:150:3)
    at Socket._writeGeneric (node:net:967:11)
    at Socket._write (node:net:979:8)
    at writeOrBuffer (node:internal/streams/writable:572:12)
    at _write (node:internal/streams/writable:501:10)
    at Writable.write (node:internal/streams/writable:510:10)
    at Console.log (/home/chris/.nvm/versions/node/v22.23.2/lib/node_modules/firebase-tools/node_modules/winston/lib/winston/transports/console.js:87:23)
    at Console._write (/home/chris/.nvm/versions/node/v22.23.2/lib/node_modules/firebase-tools/node_modules/winston-transport/modern.js:103:17)
    at doWrite (/home/chris/.nvm/versions/node/v22.23.2/lib/node_modules/firebase-tools/node_modules/winston-transport/node_modules/readable-stream/lib/_stream_writable.js:390:139)
[error] 
[error] Error: An unexpected error has occurred.
[debug] [2026-09-08T16:18:00.338Z] Error: write EPIPE
    at afterWriteDispatched (node:internal/stream_base_commons:159:15)
    at writeGeneric (node:internal/stream_base_commons:150:3)
    at Socket._writeGeneric (node:net:967:11)
    at Socket._write (node:net:979:8)
    at writeOrBuffer (node:internal/streams/writable:572:12)
    at _write (node:internal/streams/writable:501:10)
    at Writable.write (node:internal/streams/writable:510:10)
    at Console.log (/home/chris/.nvm/versions/node/v22.23.2/lib/node_modules/firebase-tools/node_modules/winston/lib/winston/transports/console.js:87:23)
    at Console._write (/home/chris/.nvm/versions/node/v22.23.2/lib/node_modules/firebase-tools/node_modules/winston-transport/modern.js:103:17)
    at doWrite (/home/chris/.nvm/versions/node/v22.23.2/lib/node_modules/firebase-tools/node_modules/winston-transport/node_modules/readable-stream/lib/_stream_writable.js:390:139)
[error] 
[error] Error: An unexpected error has occurred.
[debug] [2026-09-08T16:18:00.339Z] Error: write EPIPE
    at afterWriteDispatched (node:internal/stream_base_commons:159:15)
    at writeGeneric (node:internal/stream_base_commons:150:3)
    at Socket._writeGeneric (node:net:967:11)
    at Socket._write (node:net:979:8)
    at writeOrBuffer (node:internal/streams/writable:572:12)
    at _write (node:internal/streams/writable:501:10)
    at Writable.write (node:internal/streams/writable:510:10)
    at Console.log (/home/chris/.nvm/versions/node/v22.23.2/lib/node_modules/firebase-tools/node_modules/winston/lib/winston/transports/console.js:87:23)
    at Console._write (/home/chris/.nvm/versions/node/v22.23.2/lib/node_modules/firebase-tools/node_modules/winston-transport/modern.js:103:17)
    at doWrite (/home/chris/.nvm/versions/node/v22.23.2/lib/node_modules/firebase-tools/node_modules/winston-transport/node_modules/readable-stream/lib/_stream_writable.js:390:139)
[error] 
[error] Error: An unexpected error has occurred.
[debug] [2026-09-08T16:18:00.339Z] Error: write EPIPE
    at afterWriteDispatched (node:internal/stream_base_commons:159:15)
    at writeGeneric (node:internal/stream_base_commons:150:3)
    at Socket._writeGeneric (node:net:967:11)
    at Socket._write (node:net:979:8)
    at writeOrBuffer (node:internal/streams/writable:572:12)
    at _write (node:internal/streams/writable:501:10)
    at Writable.write (node:internal/streams/writable:510:10)
    at Console.log (/home/chris/.nvm/versions/node/v22.23.2/lib/node_modules/firebase-tools/node_modules/winston/lib/winston/transports/console.js:87:23)
    at Console._write (/home/chris/.nvm/versions/node/v22.23.2/lib/node_modules/firebase-tools/node_modules/winston-transport/modern.js:103:17)
    at doWrite (/home/chris/.nvm/versions/node/v22.23.2/lib/node_modules/firebase-tools/node_modules/winston-transport/node_modules/readable-stream/lib/_stream_writable.js:390:139)
[error] 
[error] Error: An unexpected error has occurred.
[debug] [2026-09-08T16:18:00.339Z] Error: write EPIPE
    at afterWriteDispatched (node:internal/stream_base_commons:159:15)
    at writeGeneric (node:internal/stream_base_commons:150:3)
    at Socket._writeGeneric (node:net:967:11)
    at Socket._write (node:net:979:8)
    at writeOrBuffer (node:internal/streams/writable:572:12)
    at _write (node:internal/streams/writable:501:10)
    at Writable.write (node:internal/streams/writable:510:10)
    at Console.log (/home/chris/.nvm/versions/node/v22.23.2/lib/node_modules/firebase-tools/node_modules/winston/lib/winston/transports/console.js:87:23)
    at Console._write (/home/chris/.nvm/versions/node/v22.23.2/lib/node_modules/firebase-tools/node_modules/winston-transport/modern.js:103:17)
    at doWrite (/home/chris/.nvm/versions/node/v22.23.2/lib/node_modules/firebase-tools/node_modules/winston-transport/node_modules/readable-stream/lib/_stream_writable.js:390:139)
[error] 
[error] Error: An unexpected error has occurred.
[debug] [2026-09-08T16:18:00.340Z] Error: write EPIPE
    at afterWriteDispatched (node:internal/stream_base_commons:159:15)
    at writeGeneric (node:internal/stream_base_commons:150:3)
    at Socket._writeGeneric (node:net:967:11)
    at Socket._write (node:net:979:8)
    at writeOrBuffer (node:internal/streams/writable:572:12)
    at _write (node:internal/streams/writable:501:10)
    at Writable.write (node:internal/streams/writable:510:10)
    at Console.log (/home/chris/.nvm/versions/node/v22.23.2/lib/node_modules/firebase-tools/node_modules/winston/lib/winston/transports/console.js:87:23)
    at Console._write (/home/chris/.nvm/versions/node/v22.23.2/lib/node_modules/firebase-tools/node_modules/winston-transport/modern.js:103:17)
    at doWrite (/home/chris/.nvm/versions/node/v22.23.2/lib/node_modules/firebase-tools/node_modules/winston-transport/node_modules/readable-stream/lib/_stream_writable.js:390:139)
[error] 
[error] Error: An unexpected error has occurred.
[debug] [2026-09-08T16:18:00.341Z] Error: write EPIPE
    at afterWriteDispatched (node:internal/stream_base_commons:159:15)
    at writeGeneric (node:internal/stream_base_commons:150:3)
    at Socket._writeGeneric (node:net:967:11)
    at Socket._write (node:net:979:8)
    at writeOrBuffer (node:internal/streams/writable:572:12)
    at _write (node:internal/streams/writable:501:10)
    at Writable.write (node:internal/streams/writable:510:10)
    at Console.log (/home/chris/.nvm/versions/node/v22.23.2/lib/node_modules/firebase-tools/node_modules/winston/lib/winston/transports/console.js:87:23)
    at Console._write (/home/chris/.nvm/versions/node/v22.23.2/lib/node_modules/firebase-tools/node_modules/winston-transport/modern.js:103:17)
    at doWrite (/home/chris/.nvm/versions/node/v22.23.2/lib/node_modules/firebase-tools/node_modules/winston-transport/node_modules/readable-stream/lib/_stream_writable.js:390:139)
[error] 
[error] Error: An unexpected error has occurred.
[debug] [2026-09-08T16:18:00.343Z] Error: write EPIPE
    at afterWriteDispatched (node:internal/stream_base_commons:159:15)
    at writeGeneric (node:internal/stream_base_commons:150:3)
    at Socket._writeGeneric (node:net:967:11)
    at Socket._write (node:net:979:8)
    at writeOrBuffer (node:internal/streams/writable:572:12)
    at _write (node:internal/streams/writable:501:10)
    at Writable.write (node:internal/streams/writable:510:10)
    at Console.log (/home/chris/.nvm/versions/node/v22.23.2/lib/node_modules/firebase-tools/node_modules/winston/lib/winston/transports/console.js:87:23)
    at Console._write (/home/chris/.nvm/versions/node/v22.23.2/lib/node_modules/firebase-tools/node_modules/winston-transport/modern.js:103:17)
    at doWrite (/home/chris/.nvm/versions/node/v22.23.2/lib/node_modules/firebase-tools/node_modules/winston-transport/node_modules/readable-stream/lib/_stream_writable.js:390:139)
[error] 
[error] Error: An unexpected error has occurred.
[debug] [2026-09-08T16:18:00.344Z] Error: write EPIPE
    at afterWriteDispatched (node:internal/stream_base_commons:159:15)
    at writeGeneric (node:internal/stream_base_commons:150:3)
    at Socket._writeGeneric (node:net:967:11)
    at Socket._write (node:net:979:8)
    at writeOrBuffer (node:internal/streams/writable:572:12)
    at _write (node:internal/streams/writable:501:10)
    at Writable.write (node:internal/streams/writable:510:10)
    at Console.log (/home/chris/.nvm/versions/node/v22.23.2/lib/node_modules/firebase-tools/node_modules/winston/lib/winston/transports/console.js:87:23)
    at Console._write (/home/chris/.nvm/versions/node/v22.23.2/lib/node_modules/firebase-tools/node_modules/winston-transport/modern.js:103:17)
    at doWrite (/home/chris/.nvm/versions/node/v22.23.2/lib/node_modules/firebase-tools/node_modules/winston-transport/node_modules/readable-stream/lib/_stream_writable.js:390:139)
[error] 
[error] Error: An unexpected error has occurred.
[debug] [2026-09-08T16:18:00.344Z] Error: write EPIPE
    at afterWriteDispatched (node:internal/stream_base_commons:159:15)
    at writeGeneric (node:internal/stream_base_commons:150:3)
    at Socket._writeGeneric (node:net:967:11)
    at Socket._write (node:net:979:8)
    at writeOrBuffer (node:internal/streams/writable:572:12)
    at _write (node:internal/streams/writable:501:10)
    at Writable.write (node:internal/streams/writable:510:10)
    at Console.log (/home/chris/.nvm/versions/node/v22.23.2/lib/node_modules/firebase-tools/node_modules/winston/lib/winston/transports/console.js:87:23)
    at Console._write (/home/chris/.nvm/versions/node/v22.23.2/lib/node_modules/firebase-tools/node_modules/winston-transport/modern.js:103:17)
    at doWrite (/home/chris/.nvm/versions/node/v22.23.2/lib/node_modules/firebase-tools/node_modules/winston-transport/node_modules/readable-stream/lib/_stream_writable.js:390:139)
[error] 
[error] Error: An unexpected error has occurred.
[debug] [2026-09-08T16:18:00.345Z] Error: write EPIPE
    at afterWriteDispatched (node:internal/stream_base_commons:159:15)
    at writeGeneric (node:internal/stream_base_commons:150:3)
    at Socket._writeGeneric (node:net:967:11)
    at Socket._write (node:net:979:8)
    at writeOrBuffer (node:internal/streams/writable:572:12)
    at _write (node:internal/streams/writable:501:10)
    at Writable.write (node:internal/streams/writable:510:10)
    at Console.log (/home/chris/.nvm/versions/node/v22.23.2/lib/node_modules/firebase-tools/node_modules/winston/lib/winston/transports/console.js:87:23)
    at Console._write (/home/chris/.nvm/versions/node/v22.23.2/lib/node_modules/firebase-tools/node_modules/winston-transport/modern.js:103:17)
    at doWrite (/home/chris/.nvm/versions/node/v22.23.2/lib/node_modules/firebase-tools/node_modules/winston-transport/node_modules/readable-stream/lib/_stream_writable.js:390:139)
[error] 
[error] Error: An unexpected error has occurred.
[debug] [2026-09-08T16:18:00.346Z] Error: write EPIPE
    at afterWriteDispatched (node:internal/stream_base_commons:159:15)
    at writeGeneric (node:internal/stream_base_commons:150:3)
    at Socket._writeGeneric (node:net:967:11)
    at Socket._write (node:net:979:8)
    at writeOrBuffer (node:internal/streams/writable:572:12)
    at _write (node:internal/streams/writable:501:10)
    at Writable.write (node:internal/streams/writable:510:10)
    at Console.log (/home/chris/.nvm/versions/node/v22.23.2/lib/node_modules/firebase-tools/node_modules/winston/lib/winston/transports/console.js:87:23)
    at Console._write (/home/chris/.nvm/versions/node/v22.23.2/lib/node_modules/firebase-tools/node_modules/winston-transport/modern.js:103:17)
    at doWrite (/home/chris/.nvm/versions/node/v22.23.2/lib/node_modules/firebase-tools/node_modules/winston-transport/node_modules/readable-stream/lib/_stream_writable.js:390:139)
[error] 
[error] Error: An unexpected error has occurred.
[debug] [2026-09-08T16:18:00.347Z] Error: write EPIPE
    at afterWriteDispatched (node:internal/stream_base_commons:159:15)
    at writeGeneric (node:internal/stream_base_commons:150:3)
    at Socket._writeGeneric (node:net:967:11)
    at Socket._write (node:net:979:8)
    at writeOrBuffer (node:internal/streams/writable:572:12)
    at _write (node:internal/streams/writable:501:10)
    at Writable.write (node:internal/streams/writable:510:10)
    at Console.log (/home/chris/.nvm/versions/node/v22.23.2/lib/node_modules/firebase-tools/node_modules/winston/lib/winston/transports/console.js:87:23)
    at Console._write (/home/chris/.nvm/versions/node/v22.23.2/lib/node_modules/firebase-tools/node_modules/winston-transport/modern.js:103:17)
    at doWrite (/home/chris/.nvm/versions/node/v22.23.2/lib/node_modules/firebase-tools/node_modules/winston-transport/node_modules/readable-stream/lib/_stream_writable.js:390:139)
[error] 
[error] Error: An unexpected error has occurred.
[debug] [2026-09-08T16:18:00.347Z] Error: write EPIPE
    at afterWriteDispatched (node:internal/stream_base_commons:159:15)
    at writeGeneric (node:internal/stream_base_commons:150:3)
    at Socket._writeGeneric (node:net:967:11)
    at Socket._write (node:net:979:8)
    at writeOrBuffer (node:internal/streams/writable:572:12)
    at _write (node:internal/streams/writable:501:10)
    at Writable.write (node:internal/streams/writable:510:10)
    at Console.log (/home/chris/.nvm/versions/node/v22.23.2/lib/node_modules/firebase-tools/node_modules/winston/lib/winston/transports/console.js:87:23)
    at Console._write (/home/chris/.nvm/versions/node/v22.23.2/lib/node_modules/firebase-tools/node_modules/winston-transport/modern.js:103:17)
    at doWrite (/home/chris/.nvm/versions/node/v22.23.2/lib/node_modules/firebase-tools/node_modules/winston-transport/node_modules/readable-stream/lib/_stream_writable.js:390:139)
[error] 
[error] Error: An unexpected error has occurred.
[debug] [2026-09-08T16:18:00.347Z] Error: write EPIPE
    at afterWriteDispatched (node:internal/stream_base_commons:159:15)
    at writeGeneric (node:internal/stream_base_commons:150:3)
    at Socket._writeGeneric (node:net:967:11)
    at Socket._write (node:net:979:8)
    at writeOrBuffer (node:internal/streams/writable:572:12)
    at _write (node:internal/streams/writable:501:10)
    at Writable.write (node:internal/streams/writable:510:10)
    at Console.log (/home/chris/.nvm/versions/node/v22.23.2/lib/node_modules/firebase-tools/node_modules/winston/lib/winston/transports/console.js:87:23)
    at Console._write (/home/chris/.nvm/versions/node/v22.23.2/lib/node_modules/firebase-tools/node_modules/winston-transport/modern.js:103:17)
    at doWrite (/home/chris/.nvm/versions/node/v22.23.2/lib/node_modules/firebase-tools/node_modules/winston-transport/node_modules/readable-stream/lib/_stream_writable.js:390:139)
[error] 
[error] Error: An unexpected error has occurred.
[debug] [2026-09-08T16:18:00.348Z] Error: write EPIPE
    at afterWriteDispatched (node:internal/stream_base_commons:159:15)
    at writeGeneric (node:internal/stream_base_commons:150:3)
    at Socket._writeGeneric (node:net:967:11)
    at Socket._write (node:net:979:8)
    at writeOrBuffer (node:internal/streams/writable:572:12)
    at _write (node:internal/streams/writable:501:10)
    at Writable.write (node:internal/streams/writable:510:10)
    at Console.log (/home/chris/.nvm/versions/node/v22.23.2/lib/node_modules/firebase-tools/node_modules/winston/lib/winston/transports/console.js:87:23)
    at Console._write (/home/chris/.nvm/versions/node/v22.23.2/lib/node_modules/firebase-tools/node_modules/winston-transport/modern.js:103:17)
    at doWrite (/home/chris/.nvm/versions/node/v22.23.2/lib/node_modules/firebase-tools/node_modules/winston-transport/node_modules/readable-stream/lib/_stream_writable.js:390:139)
[error] 
[error] Error: An unexpected error has occurred.
[debug] [2026-09-08T16:18:00.348Z] Error: write EPIPE
    at afterWriteDispatched (node:internal/stream_base_commons:159:15)
    at writeGeneric (node:internal/stream_base_commons:150:3)
    at Socket._writeGeneric (node:net:967:11)
    at Socket._write (node:net:979:8)
    at writeOrBuffer (node:internal/streams/writable:572:12)
    at _write (node:internal/streams/writable:501:10)
    at Writable.write (node:internal/streams/writable:510:10)
    at Console.log (/home/chris/.nvm/versions/node/v22.23.2/lib/node_modules/firebase-tools/node_modules/winston/lib/winston/transports/console.js:87:23)
    at Console._write (/home/chris/.nvm/versions/node/v22.23.2/lib/node_modules/firebase-tools/node_modules/winston-transport/modern.js:103:17)
    at doWrite (/home/chris/.nvm/versions/node/v22.23.2/lib/node_modules/firebase-tools/node_modules/winston-transport/node_modules/readable-stream/lib/_stream_writable.js:390:139)
[error] 
[error] Error: An unexpected error has occurred.
[debug] [2026-09-08T16:18:00.349Z] Error: write EPIPE
    at afterWriteDispatched (node:internal/stream_base_commons:159:15)
    at writeGeneric (node:internal/stream_base_commons:150:3)
    at Socket._writeGeneric (node:net:967:11)
    at Socket._write (node:net:979:8)
    at writeOrBuffer (node:internal/streams/writable:572:12)
    at _write (node:internal/streams/writable:501:10)
    at Writable.write (node:internal/streams/writable:510:10)
    at Console.log (/home/chris/.nvm/versions/node/v22.23.2/lib/node_modules/firebase-tools/node_modules/winston/lib/winston/transports/console.js:87:23)
    at Console._write (/home/chris/.nvm/versions/node/v22.23.2/lib/node_modules/firebase-tools/node_modules/winston-transport/modern.js:103:17)
    at doWrite (/home/chris/.nvm/versions/node/v22.23.2/lib/node_modules/firebase-tools/node_modules/winston-transport/node_modules/readable-stream/lib/_stream_writable.js:390:139)
[error] 
[error] Error: An unexpected error has occurred.
[debug] [2026-09-08T16:18:00.349Z] Error: write EPIPE
    at afterWriteDispatched (node:internal/stream_base_commons:159:15)
    at writeGeneric (node:internal/stream_base_commons:150:3)
    at Socket._writeGeneric (node:net:967:11)
    at Socket._write (node:net:979:8)
    at writeOrBuffer (node:internal/streams/writable:572:12)
    at _write (node:internal/streams/writable:501:10)
    at Writable.write (node:internal/streams/writable:510:10)
    at Console.log (/home/chris/.nvm/versions/node/v22.23.2/lib/node_modules/firebase-tools/node_modules/winston/lib/winston/transports/console.js:87:23)
    at Console._write (/home/chris/.nvm/versions/node/v22.23.2/lib/node_modules/firebase-tools/node_modules/winston-transport/modern.js:103:17)
    at doWrite (/home/chris/.nvm/versions/node/v22.23.2/lib/node_modules/firebase-tools/node_modules/winston-transport/node_modules/readable-stream/lib/_stream_writable.js:390:139)
[error] 
[error] Error: An unexpected error has occurred.
[debug] [2026-09-08T16:18:00.350Z] Error: write EPIPE
    at afterWriteDispatched (node:internal/stream_base_commons:159:15)
    at writeGeneric (node:internal/stream_base_commons:150:3)
    at Socket._writeGeneric (node:net:967:11)
    at Socket._write (node:net:979:8)
    at writeOrBuffer (node:internal/streams/writable:572:12)
    at _write (node:internal/streams/writable:501:10)
    at Writable.write (node:internal/streams/writable:510:10)
    at Console.log (/home/chris/.nvm/versions/node/v22.23.2/lib/node_modules/firebase-tools/node_modules/winston/lib/winston/transports/console.js:87:23)
    at Console._write (/home/chris/.nvm/versions/node/v22.23.2/lib/node_modules/firebase-tools/node_modules/winston-transport/modern.js:103:17)
    at doWrite (/home/chris/.nvm/versions/node/v22.23.2/lib/node_modules/firebase-tools/node_modules/winston-transport/node_modules/readable-stream/lib/_stream_writable.js:390:139)
[error] 
[error] Error: An unexpected error has occurred.
[debug] [2026-09-08T16:18:00.350Z] Error: write EPIPE
    at afterWriteDispatched (node:internal/stream_base_commons:159:15)
    at writeGeneric (node:internal/stream_base_commons:150:3)
    at Socket._writeGeneric (node:net:967:11)
    at Socket._write (node:net:979:8)
    at writeOrBuffer (node:internal/streams/writable:572:12)
    at _write (node:internal/streams/writable:501:10)
    at Writable.write (node:internal/streams/writable:510:10)
    at Console.log (/home/chris/.nvm/versions/node/v22.23.2/lib/node_modules/firebase-tools/node_modules/winston/lib/winston/transports/console.js:87:23)
    at Console._write (/home/chris/.nvm/versions/node/v22.23.2/lib/node_modules/firebase-tools/node_modules/winston-transport/modern.js:103:17)
    at doWrite (/home/chris/.nvm/versions/node/v22.23.2/lib/node_modules/firebase-tools/node_modules/winston-transport/node_modules/readable-stream/lib/_stream_writable.js:390:139)
[error] 
[error] Error: An unexpected error has occurred.
[debug] [2026-09-08T16:18:00.351Z] Error: write EPIPE
    at afterWriteDispatched (node:internal/stream_base_commons:159:15)
    at writeGeneric (node:internal/stream_base_commons:150:3)
    at Socket._writeGeneric (node:net:967:11)
    at Socket._write (node:net:979:8)
    at writeOrBuffer (node:internal/streams/writable:572:12)
    at _write (node:internal/streams/writable:501:10)
    at Writable.write (node:internal/streams/writable:510:10)
    at Console.log (/home/chris/.nvm/versions/node/v22.23.2/lib/node_modules/firebase-tools/node_modules/winston/lib/winston/transports/console.js:87:23)
    at Console._write (/home/chris/.nvm/versions/node/v22.23.2/lib/node_modules/firebase-tools/node_modules/winston-transport/modern.js:103:17)
    at doWrite (/home/chris/.nvm/versions/node/v22.23.2/lib/node_modules/firebase-tools/node_modules/winston-transport/node_modules/readable-stream/lib/_stream_writable.js:390:139)
[error] 
[error] Error: An unexpected error has occurred.
[debug] [2026-09-08T16:18:00.351Z] Error: write EPIPE
    at afterWriteDispatched (node:internal/stream_base_commons:159:15)
    at writeGeneric (node:internal/stream_base_commons:150:3)
    at Socket._writeGeneric (node:net:967:11)
    at Socket._write (node:net:979:8)
    at writeOrBuffer (node:internal/streams/writable:572:12)
    at _write (node:internal/streams/writable:501:10)
    at Writable.write (node:internal/streams/writable:510:10)
    at Console.log (/home/chris/.nvm/versions/node/v22.23.2/lib/node_modules/firebase-tools/node_modules/winston/lib/winston/transports/console.js:87:23)
    at Console._write (/home/chris/.nvm/versions/node/v22.23.2/lib/node_modules/firebase-tools/node_modules/winston-transport/modern.js:103:17)
    at doWrite (/home/chris/.nvm/versions/node/v22.23.2/lib/node_modules/firebase-tools/node_modules/winston-transport/node_modules/readable-stream/lib/_stream_writable.js:390:139)
[error] 
[error] Error: An unexpected error has occurred.
[debug] [2026-09-08T16:18:00.352Z] Error: write EPIPE
    at afterWriteDispatched (node:internal/stream_base_commons:159:15)
    at writeGeneric (node:internal/stream_base_commons:150:3)
    at Socket._writeGeneric (node:net:967:11)
    at Socket._write (node:net:979:8)
    at writeOrBuffer (node:internal/streams/writable:572:12)
    at _write (node:internal/streams/writable:501:10)
    at Writable.write (node:internal/streams/writable:510:10)
    at Console.log (/home/chris/.nvm/versions/node/v22.23.2/lib/node_modules/firebase-tools/node_modules/winston/lib/winston/transports/console.js:87:23)
    at Console._write (/home/chris/.nvm/versions/node/v22.23.2/lib/node_modules/firebase-tools/node_modules/winston-transport/modern.js:103:17)
    at doWrite (/home/chris/.nvm/versions/node/v22.23.2/lib/node_modules/firebase-tools/node_modules/winston-transport/node_modules/readable-stream/lib/_stream_writable.js:390:139)
[error] 
[error] Error: An unexpected error has occurred.
[debug] [2026-09-08T16:18:00.352Z] Error: write EPIPE
    at afterWriteDispatched (node:internal/stream_base_commons:159:15)
    at writeGeneric (node:internal/stream_base_commons:150:3)
    at Socket._writeGeneric (node:net:967:11)
    at Socket._write (node:net:979:8)
    at writeOrBuffer (node:internal/streams/writable:572:12)
    at _write (node:internal/streams/writable:501:10)
    at Writable.write (node:internal/streams/writable:510:10)
    at Console.log (/home/chris/.nvm/versions/node/v22.23.2/lib/node_modules/firebase-tools/node_modules/winston/lib/winston/transports/console.js:87:23)
    at Console._write (/home/chris/.nvm/versions/node/v22.23.2/lib/node_modules/firebase-tools/node_modules/winston-transport/modern.js:103:17)
    at doWrite (/home/chris/.nvm/versions/node/v22.23.2/lib/node_modules/firebase-tools/node_modules/winston-transport/node_modules/readable-stream/lib/_stream_writable.js:390:139)
[error] 
[error] Error: An unexpected error has occurred.
[debug] [2026-09-08T16:18:00.352Z] Error: write EPIPE
    at afterWriteDispatched (node:internal/stream_base_commons:159:15)
    at writeGeneric (node:internal/stream_base_commons:150:3)
    at Socket._writeGeneric (node:net:967:11)
    at Socket._write (node:net:979:8)
    at writeOrBuffer (node:internal/streams/writable:572:12)
    at _write (node:internal/streams/writable:501:10)
    at Writable.write (node:internal/streams/writable:510:10)
    at Console.log (/home/chris/.nvm/versions/node/v22.23.2/lib/node_modules/firebase-tools/node_modules/winston/lib/winston/transports/console.js:87:23)
    at Console._write (/home/chris/.nvm/versions/node/v22.23.2/lib/node_modules/firebase-tools/node_modules/winston-transport/modern.js:103:17)
    at doWrite (/home/chris/.nvm/versions/node/v22.23.2/lib/node_modules/firebase-tools/node_modules/winston-transport/node_modules/readable-stream/lib/_stream_writable.js:390:139)
[error] 
[error] Error: An unexpected error has occurred.
[debug] [2026-09-08T16:18:00.352Z] Error: write EPIPE
    at afterWriteDispatched (node:internal/stream_base_commons:159:15)
    at writeGeneric (node:internal/stream_base_commons:150:3)
    at Socket._writeGeneric (node:net:967:11)
    at Socket._write (node:net:979:8)
    at writeOrBuffer (node:internal/streams/writable:572:12)
    at _write (node:internal/streams/writable:501:10)
    at Writable.write (node:internal/streams/writable:510:10)
    at Console.log (/home/chris/.nvm/versions/node/v22.23.2/lib/node_modules/firebase-tools/node_modules/winston/lib/winston/transports/console.js:87:23)
    at Console._write (/home/chris/.nvm/versions/node/v22.23.2/lib/node_modules/firebase-tools/node_modules/winston-transport/modern.js:103:17)
    at doWrite (/home/chris/.nvm/versions/node/v22.23.2/lib/node_modules/firebase-tools/node_modules/winston-transport/node_modules/readable-stream/lib/_stream_writable.js:390:139)
[error] 
[error] Error: An unexpected error has occurred.
[debug] [2026-09-08T16:18:00.353Z] Error: write EPIPE
    at afterWriteDispatched (node:internal/stream_base_commons:159:15)
    at writeGeneric (node:internal/stream_base_commons:150:3)
    at Socket._writeGeneric (node:net:967:11)
    at Socket._write (node:net:979:8)
    at writeOrBuffer (node:internal/streams/writable:572:12)
    at _write (node:internal/streams/writable:501:10)
    at Writable.write (node:internal/streams/writable:510:10)
    at Console.log (/home/chris/.nvm/versions/node/v22.23.2/lib/node_modules/firebase-tools/node_modules/winston/lib/winston/transports/console.js:87:23)
    at Console._write (/home/chris/.nvm/versions/node/v22.23.2/lib/node_modules/firebase-tools/node_modules/winston-transport/modern.js:103:17)
    at doWrite (/home/chris/.nvm/versions/node/v22.23.2/lib/node_modules/firebase-tools/node_modules/winston-transport/node_modules/readable-stream/lib/_stream_writable.js:390:139)
[error] 
[error] Error: An unexpected error has occurred.
[debug] [2026-09-08T16:18:00.360Z] Error: write EPIPE
    at afterWriteDispatched (node:internal/stream_base_commons:159:15)
    at writeGeneric (node:internal/stream_base_commons:150:3)
    at Socket._writeGeneric (node:net:967:11)
    at Socket._write (node:net:979:8)
    at writeOrBuffer (node:internal/streams/writable:572:12)
    at _write (node:internal/streams/writable:501:10)
    at Writable.write (node:internal/streams/writable:510:10)
    at Console.log (/home/chris/.nvm/versions/node/v22.23.2/lib/node_modules/firebase-tools/node_modules/winston/lib/winston/transports/console.js:87:23)
    at Console._write (/home/chris/.nvm/versions/node/v22.23.2/lib/node_modules/firebase-tools/node_modules/winston-transport/modern.js:103:17)
    at doWrite (/home/chris/.nvm/versions/node/v22.23.2/lib/node_modules/firebase-tools/node_modules/winston-transport/node_modules/readable-stream/lib/_stream_writable.js:390:139)
[error] 
[error] Error: An unexpected error has occurred.
[debug] [2026-09-08T16:18:00.361Z] Error: write EPIPE
    at afterWriteDispatched (node:internal/stream_base_commons:159:15)
    at writeGeneric (node:internal/stream_base_commons:150:3)
    at Socket._writeGeneric (node:net:967:11)
    at Socket._write (node:net:979:8)
    at writeOrBuffer (node:internal/streams/writable:572:12)
    at _write (node:internal/streams/writable:501:10)
    at Writable.write (node:internal/streams/writable:510:10)
    at Console.log (/home/chris/.nvm/versions/node/v22.23.2/lib/node_modules/firebase-tools/node_modules/winston/lib/winston/transports/console.js:87:23)
    at Console._write (/home/chris/.nvm/versions/node/v22.23.2/lib/node_modules/firebase-tools/node_modules/winston-transport/modern.js:103:17)
    at doWrite (/home/chris/.nvm/versions/node/v22.23.2/lib/node_modules/firebase-tools/node_modules/winston-transport/node_modules/readable-stream/lib/_stream_writable.js:390:139)
[error] 
[error] Error: An unexpected error has occurred.
[debug] [2026-09-08T16:18:00.362Z] Error: write EPIPE
    at afterWriteDispatched (node:internal/stream_base_commons:159:15)
    at writeGeneric (node:internal/stream_base_commons:150:3)
    at Socket._writeGeneric (node:net:967:11)
    at Socket._write (node:net:979:8)
    at writeOrBuffer (node:internal/streams/writable:572:12)
    at _write (node:internal/streams/writable:501:10)
    at Writable.write (node:internal/streams/writable:510:10)
    at Console.log (/home/chris/.nvm/versions/node/v22.23.2/lib/node_modules/firebase-tools/node_modules/winston/lib/winston/transports/console.js:87:23)
    at Console._write (/home/chris/.nvm/versions/node/v22.23.2/lib/node_modules/firebase-tools/node_modules/winston-transport/modern.js:103:17)
    at doWrite (/home/chris/.nvm/versions/node/v22.23.2/lib/node_modules/firebase-tools/node_modules/winston-transport/node_modules/readable-stream/lib/_stream_writable.js:390:139)
[error] 
[error] Error: An unexpected error has occurred.
[debug] [2026-09-08T16:18:00.362Z] Error: write EPIPE
    at afterWriteDispatched (node:internal/stream_base_commons:159:15)
    at writeGeneric (node:internal/stream_base_commons:150:3)
    at Socket._writeGeneric (node:net:967:11)
    at Socket._write (node:net:979:8)
    at writeOrBuffer (node:internal/streams/writable:572:12)
    at _write (node:internal/streams/writable:501:10)
    at Writable.write (node:internal/streams/writable:510:10)
    at Console.log (/home/chris/.nvm/versions/node/v22.23.2/lib/node_modules/firebase-tools/node_modules/winston/lib/winston/transports/console.js:87:23)
    at Console._write (/home/chris/.nvm/versions/node/v22.23.2/lib/node_modules/firebase-tools/node_modules/winston-transport/modern.js:103:17)
    at doWrite (/home/chris/.nvm/versions/node/v22.23.2/lib/node_modules/firebase-tools/node_modules/winston-transport/node_modules/readable-stream/lib/_stream_writable.js:390:139)
[error] 
[error] Error: An unexpected error has occurred.
[debug] [2026-09-08T16:18:00.363Z] Error: write EPIPE
    at afterWriteDispatched (node:internal/stream_base_commons:159:15)
    at writeGeneric (node:internal/stream_base_commons:150:3)
    at Socket._writeGeneric (node:net:967:11)
    at Socket._write (node:net:979:8)
    at writeOrBuffer (node:internal/streams/writable:572:12)
    at _write (node:internal/streams/writable:501:10)
    at Writable.write (node:internal/streams/writable:510:10)
    at Console.log (/home/chris/.nvm/versions/node/v22.23.2/lib/node_modules/firebase-tools/node_modules/winston/lib/winston/transports/console.js:87:23)
    at Console._write (/home/chris/.nvm/versions/node/v22.23.2/lib/node_modules/firebase-tools/node_modules/winston-transport/modern.js:103:17)
    at doWrite (/home/chris/.nvm/versions/node/v22.23.2/lib/node_modules/firebase-tools/node_modules/winston-transport/node_modules/readable-stream/lib/_stream_writable.js:390:139)
[error] 
[error] Error: An unexpected error has occurred.
[debug] [2026-09-08T16:18:00.363Z] Error: write EPIPE
    at afterWriteDispatched (node:internal/stream_base_commons:159:15)
    at writeGeneric (node:internal/stream_base_commons:150:3)
    at Socket._writeGeneric (node:net:967:11)
    at Socket._write (node:net:979:8)
    at writeOrBuffer (node:internal/streams/writable:572:12)
    at _write (node:internal/streams/writable:501:10)
    at Writable.write (node:internal/streams/writable:510:10)
    at Console.log (/home/chris/.nvm/versions/node/v22.23.2/lib/node_modules/firebase-tools/node_modules/winston/lib/winston/transports/console.js:87:23)
    at Console._write (/home/chris/.nvm/versions/node/v22.23.2/lib/node_modules/firebase-tools/node_modules/winston-transport/modern.js:103:17)
    at doWrite (/home/chris/.nvm/versions/node/v22.23.2/lib/node_modules/firebase-tools/node_modules/winston-transport/node_modules/readable-stream/lib/_stream_writable.js:390:139)
[error] 
[error] Error: An unexpected error has occurred.
[debug] [2026-09-08T16:18:00.364Z] Error: write EPIPE
    at afterWriteDispatched (node:internal/stream_base_commons:159:15)
    at writeGeneric (node:internal/stream_base_commons:150:3)
    at Socket._writeGeneric (node:net:967:11)
    at Socket._write (node:net:979:8)
    at writeOrBuffer (node:internal/streams/writable:572:12)
    at _write (node:internal/streams/writable:501:10)
    at Writable.write (node:internal/streams/writable:510:10)
    at Console.log (/home/chris/.nvm/versions/node/v22.23.2/lib/node_modules/firebase-tools/node_modules/winston/lib/winston/transports/console.js:87:23)
    at Console._write (/home/chris/.nvm/versions/node/v22.23.2/lib/node_modules/firebase-tools/node_modules/winston-transport/modern.js:103:17)
    at doWrite (/home/chris/.nvm/versions/node/v22.23.2/lib/node_modules/firebase-tools/node_modules/winston-transport/node_modules/readable-stream/lib/_stream_writable.js:390:139)
[error] 
[error] Error: An unexpected error has occurred.
[debug] [2026-09-08T16:18:00.365Z] Error: write EPIPE
    at afterWriteDispatched (node:internal/stream_base_commons:159:15)
    at writeGeneric (node:internal/stream_base_commons:150:3)
    at Socket._writeGeneric (node:net:967:11)
    at Socket._write (node:net:979:8)
    at writeOrBuffer (node:internal/streams/writable:572:12)
    at _write (node:internal/streams/writable:501:10)
    at Writable.write (node:internal/streams/writable:510:10)
    at Console.log (/home/chris/.nvm/versions/node/v22.23.2/lib/node_modules/firebase-tools/node_modules/winston/lib/winston/transports/console.js:87:23)
    at Console._write (/home/chris/.nvm/versions/node/v22.23.2/lib/node_modules/firebase-tools/node_modules/winston-transport/modern.js:103:17)
    at doWrite (/home/chris/.nvm/versions/node/v22.23.2/lib/node_modules/firebase-tools/node_modules/winston-transport/node_modules/readable-stream/lib/_stream_writable.js:390:139)
[error] 
[error] Error: An unexpected error has occurred.
[debug] [2026-09-08T16:18:00.366Z] Error: write EPIPE
    at afterWriteDispatched (node:internal/stream_base_commons:159:15)
    at writeGeneric (node:internal/stream_base_commons:150:3)
    at Socket._writeGeneric (node:net:967:11)
    at Socket._write (node:net:979:8)
    at writeOrBuffer (node:internal/streams/writable:572:12)
    at _write (node:internal/streams/writable:501:10)
    at Writable.write (node:internal/streams/writable:510:10)
    at Console.log (/home/chris/.nvm/versions/node/v22.23.2/lib/node_modules/firebase-tools/node_modules/winston/lib/winston/transports/console.js:87:23)
    at Console._write (/home/chris/.nvm/versions/node/v22.23.2/lib/node_modules/firebase-tools/node_modules/winston-transport/modern.js:103:17)
    at doWrite (/home/chris/.nvm/versions/node/v22.23.2/lib/node_modules/firebase-tools/node_modules/winston-transport/node_modules/readable-stream/lib/_stream_writable.js:390:139)
[error] 
[error] Error: An unexpected error has occurred.
[debug] [2026-09-08T16:18:00.366Z] Error: write EPIPE
    at afterWriteDispatched (node:internal/stream_base_commons:159:15)
    at writeGeneric (node:internal/stream_base_commons:150:3)
    at Socket._writeGeneric (node:net:967:11)
    at Socket._write (node:net:979:8)
    at writeOrBuffer (node:internal/streams/writable:572:12)
    at _write (node:internal/streams/writable:501:10)
    at Writable.write (node:internal/streams/writable:510:10)
    at Console.log (/home/chris/.nvm/versions/node/v22.23.2/lib/node_modules/firebase-tools/node_modules/winston/lib/winston/transports/console.js:87:23)
    at Console._write (/home/chris/.nvm/versions/node/v22.23.2/lib/node_modules/firebase-tools/node_modules/winston-transport/modern.js:103:17)
    at doWrite (/home/chris/.nvm/versions/node/v22.23.2/lib/node_modules/firebase-tools/node_modules/winston-transport/node_modules/readable-stream/lib/_stream_writable.js:390:139)
[error] 
[error] Error: An unexpected error has occurred.
[debug] [2026-09-08T16:18:00.367Z] Error: write EPIPE
    at afterWriteDispatched (node:internal/stream_base_commons:159:15)
    at writeGeneric (node:internal/stream_base_commons:150:3)
    at Socket._writeGeneric (node:net:967:11)
    at Socket._write (node:net:979:8)
    at writeOrBuffer (node:internal/streams/writable:572:12)
    at _write (node:internal/streams/writable:501:10)
    at Writable.write (node:internal/streams/writable:510:10)
    at Console.log (/home/chris/.nvm/versions/node/v22.23.2/lib/node_modules/firebase-tools/node_modules/winston/lib/winston/transports/console.js:87:23)
    at Console._write (/home/chris/.nvm/versions/node/v22.23.2/lib/node_modules/firebase-tools/node_modules/winston-transport/modern.js:103:17)
    at doWrite (/home/chris/.nvm/versions/node/v22.23.2/lib/node_modules/firebase-tools/node_modules/winston-transport/node_modules/readable-stream/lib/_stream_writable.js:390:139)
[error] 
[error] Error: An unexpected error has occurred.
[debug] [2026-09-08T16:18:00.367Z] Error: write EPIPE
    at afterWriteDispatched (node:internal/stream_base_commons:159:15)
    at writeGeneric (node:internal/stream_base_commons:150:3)
    at Socket._writeGeneric (node:net:967:11)
    at Socket._write (node:net:979:8)
    at writeOrBuffer (node:internal/streams/writable:572:12)
    at _write (node:internal/streams/writable:501:10)
    at Writable.write (node:internal/streams/writable:510:10)
    at Console.log (/home/chris/.nvm/versions/node/v22.23.2/lib/node_modules/firebase-tools/node_modules/winston/lib/winston/transports/console.js:87:23)
    at Console._write (/home/chris/.nvm/versions/node/v22.23.2/lib/node_modules/firebase-tools/node_modules/winston-transport/modern.js:103:17)
    at doWrite (/home/chris/.nvm/versions/node/v22.23.2/lib/node_modules/firebase-tools/node_modules/winston-transport/node_modules/readable-stream/lib/_stream_writable.js:390:139)
[error] 
[error] Error: An unexpected error has occurred.
[debug] [2026-09-08T16:18:00.367Z] Error: write EPIPE
    at afterWriteDispatched (node:internal/stream_base_commons:159:15)
    at writeGeneric (node:internal/stream_base_commons:150:3)
    at Socket._writeGeneric (node:net:967:11)
    at Socket._write (node:net:979:8)
    at writeOrBuffer (node:internal/streams/writable:572:12)
    at _write (node:internal/streams/writable:501:10)
    at Writable.write (node:internal/streams/writable:510:10)
    at Console.log (/home/chris/.nvm/versions/node/v22.23.2/lib/node_modules/firebase-tools/node_modules/winston/lib/winston/transports/console.js:87:23)
    at Console._write (/home/chris/.nvm/versions/node/v22.23.2/lib/node_modules/firebase-tools/node_modules/winston-transport/modern.js:103:17)
    at doWrite (/home/chris/.nvm/versions/node/v22.23.2/lib/node_modules/firebase-tools/node_modules/winston-transport/node_modules/readable-stream/lib/_stream_writable.js:390:139)
[error] 
[error] Error: An unexpected error has occurred.
[debug] [2026-09-08T16:18:00.368Z] Error: write EPIPE
    at afterWriteDispatched (node:internal/stream_base_commons:159:15)
    at writeGeneric (node:internal/stream_base_commons:150:3)
    at Socket._writeGeneric (node:net:967:11)
    at Socket._write (node:net:979:8)
    at writeOrBuffer (node:internal/streams/writable:572:12)
    at _write (node:internal/streams/writable:501:10)
    at Writable.write (node:internal/streams/writable:510:10)
    at Console.log (/home/chris/.nvm/versions/node/v22.23.2/lib/node_modules/firebase-tools/node_modules/winston/lib/winston/transports/console.js:87:23)
    at Console._write (/home/chris/.nvm/versions/node/v22.23.2/lib/node_modules/firebase-tools/node_modules/winston-transport/modern.js:103:17)
    at doWrite (/home/chris/.nvm/versions/node/v22.23.2/lib/node_modules/firebase-tools/node_modules/winston-transport/node_modules/readable-stream/lib/_stream_writable.js:390:139)
[error] 
[error] Error: An unexpected error has occurred.
[debug] [2026-09-08T16:18:00.368Z] Error: write EPIPE
    at afterWriteDispatched (node:internal/stream_base_commons:159:15)
    at writeGeneric (node:internal/stream_base_commons:150:3)
    at Socket._writeGeneric (node:net:967:11)
    at Socket._write (node:net:979:8)
    at writeOrBuffer (node:internal/streams/writable:572:12)
    at _write (node:internal/streams/writable:501:10)
    at Writable.write (node:internal/streams/writable:510:10)
    at Console.log (/home/chris/.nvm/versions/node/v22.23.2/lib/node_modules/firebase-tools/node_modules/winston/lib/winston/transports/console.js:87:23)
    at Console._write (/home/chris/.nvm/versions/node/v22.23.2/lib/node_modules/firebase-tools/node_modules/winston-transport/modern.js:103:17)
    at doWrite (/home/chris/.nvm/versions/node/v22.23.2/lib/node_modules/firebase-tools/node_modules/winston-transport/node_modules/readable-stream/lib/_stream_writable.js:390:139)
[error] 
[error] Error: An unexpected error has occurred.
[debug] [2026-09-08T16:18:00.368Z] Error: write EPIPE
    at afterWriteDispatched (node:internal/stream_base_commons:159:15)
    at writeGeneric (node:internal/stream_base_commons:150:3)
    at Socket._writeGeneric (node:net:967:11)
    at Socket._write (node:net:979:8)
    at writeOrBuffer (node:internal/streams/writable:572:12)
    at _write (node:internal/streams/writable:501:10)
    at Writable.write (node:internal/streams/writable:510:10)
    at Console.log (/home/chris/.nvm/versions/node/v22.23.2/lib/node_modules/firebase-tools/node_modules/winston/lib/winston/transports/console.js:87:23)
    at Console._write (/home/chris/.nvm/versions/node/v22.23.2/lib/node_modules/firebase-tools/node_modules/winston-transport/modern.js:103:17)
    at doWrite (/home/chris/.nvm/versions/node/v22.23.2/lib/node_modules/firebase-tools/node_modules/winston-transport/node_modules/readable-stream/lib/_stream_writable.js:390:139)
[error] 
[error] Error: An unexpected error has occurred.
[debug] [2026-09-08T16:18:00.368Z] Error: write EPIPE
    at afterWriteDispatched (node:internal/stream_base_commons:159:15)
    at writeGeneric (node:internal/stream_base_commons:150:3)
    at Socket._writeGeneric (node:net:967:11)
    at Socket._write (node:net:979:8)
    at writeOrBuffer (node:internal/streams/writable:572:12)
    at _write (node:internal/streams/writable:501:10)
    at Writable.write (node:internal/streams/writable:510:10)
    at Console.log (/home/chris/.nvm/versions/node/v22.23.2/lib/node_modules/firebase-tools/node_modules/winston/lib/winston/transports/console.js:87:23)
    at Console._write (/home/chris/.nvm/versions/node/v22.23.2/lib/node_modules/firebase-tools/node_modules/winston-transport/modern.js:103:17)
    at doWrite (/home/chris/.nvm/versions/node/v22.23.2/lib/node_modules/firebase-tools/node_modules/winston-transport/node_modules/readable-stream/lib/_stream_writable.js:390:139)
[error] 
[error] Error: An unexpected error has occurred.
[debug] [2026-09-08T16:18:00.369Z] Error: write EPIPE
    at afterWriteDispatched (node:internal/stream_base_commons:159:15)
    at writeGeneric (node:internal/stream_base_commons:150:3)
    at Socket._writeGeneric (node:net:967:11)
    at Socket._write (node:net:979:8)
    at writeOrBuffer (node:internal/streams/writable:572:12)
    at _write (node:internal/streams/writable:501:10)
    at Writable.write (node:internal/streams/writable:510:10)
    at Console.log (/home/chris/.nvm/versions/node/v22.23.2/lib/node_modules/firebase-tools/node_modules/winston/lib/winston/transports/console.js:87:23)
    at Console._write (/home/chris/.nvm/versions/node/v22.23.2/lib/node_modules/firebase-tools/node_modules/winston-transport/modern.js:103:17)
    at doWrite (/home/chris/.nvm/versions/node/v22.23.2/lib/node_modules/firebase-tools/node_modules/winston-transport/node_modules/readable-stream/lib/_stream_writable.js:390:139)
[error] 
[error] Error: An unexpected error has occurred.
[debug] [2026-09-08T16:18:00.369Z] Error: write EPIPE
    at afterWriteDispatched (node:internal/stream_base_commons:159:15)
    at writeGeneric (node:internal/stream_base_commons:150:3)
    at Socket._writeGeneric (node:net:967:11)
    at Socket._write (node:net:979:8)
    at writeOrBuffer (node:internal/streams/writable:572:12)
    at _write (node:internal/streams/writable:501:10)
    at Writable.write (node:internal/streams/writable:510:10)
    at Console.log (/home/chris/.nvm/versions/node/v22.23.2/lib/node_modules/firebase-tools/node_modules/winston/lib/winston/transports/console.js:87:23)
    at Console._write (/home/chris/.nvm/versions/node/v22.23.2/lib/node_modules/firebase-tools/node_modules/winston-transport/modern.js:103:17)
    at doWrite (/home/chris/.nvm/versions/node/v22.23.2/lib/node_modules/firebase-tools/node_modules/winston-transport/node_modules/readable-stream/lib/_stream_writable.js:390:139)
[error] 
[error] Error: An unexpected error has occurred.
[debug] [2026-09-08T16:18:00.369Z] Error: write EPIPE
    at afterWriteDispatched (node:internal/stream_base_commons:159:15)
    at writeGeneric (node:internal/stream_base_commons:150:3)
    at Socket._writeGeneric (node:net:967:11)
    at Socket._write (node:net:979:8)
    at writeOrBuffer (node:internal/streams/writable:572:12)
    at _write (node:internal/streams/writable:501:10)
    at Writable.write (node:internal/streams/writable:510:10)
    at Console.log (/home/chris/.nvm/versions/node/v22.23.2/lib/node_modules/firebase-tools/node_modules/winston/lib/winston/transports/console.js:87:23)
    at Console._write (/home/chris/.nvm/versions/node/v22.23.2/lib/node_modules/firebase-tools/node_modules/winston-transport/modern.js:103:17)
    at doWrite (/home/chris/.nvm/versions/node/v22.23.2/lib/node_modules/firebase-tools/node_modules/winston-transport/node_modules/readable-stream/lib/_stream_writable.js:390:139)
[error] 
[error] Error: An unexpected error has occurred.
[debug] [2026-09-08T16:18:00.369Z] Error: write EPIPE
    at afterWriteDispatched (node:internal/stream_base_commons:159:15)
    at writeGeneric (node:internal/stream_base_commons:150:3)
    at Socket._writeGeneric (node:net:967:11)
    at Socket._write (node:net:979:8)
    at writeOrBuffer (node:internal/streams/writable:572:12)
    at _write (node:internal/streams/writable:501:10)
    at Writable.write (node:internal/streams/writable:510:10)
    at Console.log (/home/chris/.nvm/versions/node/v22.23.2/lib/node_modules/firebase-tools/node_modules/winston/lib/winston/transports/console.js:87:23)
    at Console._write (/home/chris/.nvm/versions/node/v22.23.2/lib/node_modules/firebase-tools/node_modules/winston-transport/modern.js:103:17)
    at doWrite (/home/chris/.nvm/versions/node/v22.23.2/lib/node_modules/firebase-tools/node_modules/winston-transport/node_modules/readable-stream/lib/_stream_writable.js:390:139)
[error] 
[error] Error: An unexpected error has occurred.
[debug] [2026-09-08T16:18:00.370Z] Error: write EPIPE
    at afterWriteDispatched (node:internal/stream_base_commons:159:15)
    at writeGeneric (node:internal/stream_base_commons:150:3)
    at Socket._writeGeneric (node:net:967:11)
    at Socket._write (node:net:979:8)
    at writeOrBuffer (node:internal/streams/writable:572:12)
    at _write (node:internal/streams/writable:501:10)
    at Writable.write (node:internal/streams/writable:510:10)
    at Console.log (/home/chris/.nvm/versions/node/v22.23.2/lib/node_modules/firebase-tools/node_modules/winston/lib/winston/transports/console.js:87:23)
    at Console._write (/home/chris/.nvm/versions/node/v22.23.2/lib/node_modules/firebase-tools/node_modules/winston-transport/modern.js:103:17)
    at doWrite (/home/chris/.nvm/versions/node/v22.23.2/lib/node_modules/firebase-tools/node_modules/winston-transport/node_modules/readable-stream/lib/_stream_writable.js:390:139)
[error] 
[error] Error: An unexpected error has occurred.
[debug] [2026-09-08T16:18:00.370Z] Error: write EPIPE
    at afterWriteDispatched (node:internal/stream_base_commons:159:15)
    at writeGeneric (node:internal/stream_base_commons:150:3)
    at Socket._writeGeneric (node:net:967:11)
    at Socket._write (node:net:979:8)
    at writeOrBuffer (node:internal/streams/writable:572:12)
    at _write (node:internal/streams/writable:501:10)
    at Writable.write (node:internal/streams/writable:510:10)
    at Console.log (/home/chris/.nvm/versions/node/v22.23.2/lib/node_modules/firebase-tools/node_modules/winston/lib/winston/transports/console.js:87:23)
    at Console._write (/home/chris/.nvm/versions/node/v22.23.2/lib/node_modules/firebase-tools/node_modules/winston-transport/modern.js:103:17)
    at doWrite (/home/chris/.nvm/versions/node/v22.23.2/lib/node_modules/firebase-tools/node_modules/winston-transport/node_modules/readable-stream/lib/_stream_writable.js:390:139)
[error] 
[error] Error: An unexpected error has occurred.
[debug] [2026-09-08T16:18:00.370Z] Error: write EPIPE
    at afterWriteDispatched (node:internal/stream_base_commons:159:15)
    at writeGeneric (node:internal/stream_base_commons:150:3)
    at Socket._writeGeneric (node:net:967:11)
    at Socket._write (node:net:979:8)
    at writeOrBuffer (node:internal/streams/writable:572:12)
    at _write (node:internal/streams/writable:501:10)
    at Writable.write (node:internal/streams/writable:510:10)
    at Console.log (/home/chris/.nvm/versions/node/v22.23.2/lib/node_modules/firebase-tools/node_modules/winston/lib/winston/transports/console.js:87:23)
    at Console._write (/home/chris/.nvm/versions/node/v22.23.2/lib/node_modules/firebase-tools/node_modules/winston-transport/modern.js:103:17)
    at doWrite (/home/chris/.nvm/versions/node/v22.23.2/lib/node_modules/firebase-tools/node_modules/winston-transport/node_modules/readable-stream/lib/_stream_writable.js:390:139)
[error] 
[error] Error: An unexpected error has occurred.
[debug] [2026-09-08T16:18:00.370Z] Error: write EPIPE
    at afterWriteDispatched (node:internal/stream_base_commons:159:15)
    at writeGeneric (node:internal/stream_base_commons:150:3)
    at Socket._writeGeneric (node:net:967:11)
    at Socket._write (node:net:979:8)
    at writeOrBuffer (node:internal/streams/writable:572:12)
    at _write (node:internal/streams/writable:501:10)
    at Writable.write (node:internal/streams/writable:510:10)
    at Console.log (/home/chris/.nvm/versions/node/v22.23.2/lib/node_modules/firebase-tools/node_modules/winston/lib/winston/transports/console.js:87:23)
    at Console._write (/home/chris/.nvm/versions/node/v22.23.2/lib/node_modules/firebase-tools/node_modules/winston-transport/modern.js:103:17)
    at doWrite (/home/chris/.nvm/versions/node/v22.23.2/lib/node_modules/firebase-tools/node_modules/winston-transport/node_modules/readable-stream/lib/_stream_writable.js:390:139)
[error] 
[error] Error: An unexpected error has occurred.
[debug] [2026-09-08T16:18:00.371Z] Error: write EPIPE
    at afterWriteDispatched (node:internal/stream_base_commons:159:15)
    at writeGeneric (node:internal/stream_base_commons:150:3)
    at Socket._writeGeneric (node:net:967:11)
    at Socket._write (node:net:979:8)
    at writeOrBuffer (node:internal/streams/writable:572:12)
    at _write (node:internal/streams/writable:501:10)
    at Writable.write (node:internal/streams/writable:510:10)
    at Console.log (/home/chris/.nvm/versions/node/v22.23.2/lib/node_modules/firebase-tools/node_modules/winston/lib/winston/transports/console.js:87:23)
    at Console._write (/home/chris/.nvm/versions/node/v22.23.2/lib/node_modules/firebase-tools/node_modules/winston-transport/modern.js:103:17)
    at doWrite (/home/chris/.nvm/versions/node/v22.23.2/lib/node_modules/firebase-tools/node_modules/winston-transport/node_modules/readable-stream/lib/_stream_writable.js:390:139)
[error] 
[error] Error: An unexpected error has occurred.
[debug] [2026-09-08T16:18:00.371Z] Error: write EPIPE
    at afterWriteDispatched (node:internal/stream_base_commons:159:15)
    at writeGeneric (node:internal/stream_base_commons:150:3)
    at Socket._writeGeneric (node:net:967:11)
    at Socket._write (node:net:979:8)
    at writeOrBuffer (node:internal/streams/writable:572:12)
    at _write (node:internal/streams/writable:501:10)
    at Writable.write (node:internal/streams/writable:510:10)
    at Console.log (/home/chris/.nvm/versions/node/v22.23.2/lib/node_modules/firebase-tools/node_modules/winston/lib/winston/transports/console.js:87:23)
    at Console._write (/home/chris/.nvm/versions/node/v22.23.2/lib/node_modules/firebase-tools/node_modules/winston-transport/modern.js:103:17)
    at doWrite (/home/chris/.nvm/versions/node/v22.23.2/lib/node_modules/firebase-tools/node_modules/winston-transport/node_modules/readable-stream/lib/_stream_writable.js:390:139)
[error] 
[error] Error: An unexpected error has occurred.
[debug] [2026-09-08T16:18:00.371Z] Error: write EPIPE
    at afterWriteDispatched (node:internal/stream_base_commons:159:15)
    at writeGeneric (node:internal/stream_base_commons:150:3)
    at Socket._writeGeneric (node:net:967:11)
    at Socket._write (node:net:979:8)
    at writeOrBuffer (node:internal/streams/writable:572:12)
    at _write (node:internal/streams/writable:501:10)
    at Writable.write (node:internal/streams/writable:510:10)
    at Console.log (/home/chris/.nvm/versions/node/v22.23.2/lib/node_modules/firebase-tools/node_modules/winston/lib/winston/transports/console.js:87:23)
    at Console._write (/home/chris/.nvm/versions/node/v22.23.2/lib/node_modules/firebase-tools/node_modules/winston-transport/modern.js:103:17)
    at doWrite (/home/chris/.nvm/versions/node/v22.23.2/lib/node_modules/firebase-tools/node_modules/winston-transport/node_modules/readable-stream/lib/_stream_writable.js:390:139)
[error] 
[error] Error: An unexpected error has occurred.
[debug] [2026-09-08T16:18:00.371Z] Error: write EPIPE
    at afterWriteDispatched (node:internal/stream_base_commons:159:15)
    at writeGeneric (node:internal/stream_base_commons:150:3)
    at Socket._writeGeneric (node:net:967:11)
    at Socket._write (node:net:979:8)
    at writeOrBuffer (node:internal/streams/writable:572:12)
    at _write (node:internal/streams/writable:501:10)
    at Writable.write (node:internal/streams/writable:510:10)
    at Console.log (/home/chris/.nvm/versions/node/v22.23.2/lib/node_modules/firebase-tools/node_modules/winston/lib/winston/transports/console.js:87:23)
    at Console._write (/home/chris/.nvm/versions/node/v22.23.2/lib/node_modules/firebase-tools/node_modules/winston-transport/modern.js:103:17)
    at doWrite (/home/chris/.nvm/versions/node/v22.23.2/lib/node_modules/firebase-tools/node_modules/winston-transport/node_modules/readable-stream/lib/_stream_writable.js:390:139)
[error] 
[error] Error: An unexpected error has occurred.
[debug] [2026-09-08T16:18:00.372Z] Error: write EPIPE
    at afterWriteDispatched (node:internal/stream_base_commons:159:15)
    at writeGeneric (node:internal/stream_base_commons:150:3)
    at Socket._writeGeneric (node:net:967:11)
    at Socket._write (node:net:979:8)
    at writeOrBuffer (node:internal/streams/writable:572:12)
    at _write (node:internal/streams/writable:501:10)
    at Writable.write (node:internal/streams/writable:510:10)
    at Console.log (/home/chris/.nvm/versions/node/v22.23.2/lib/node_modules/firebase-tools/node_modules/winston/lib/winston/transports/console.js:87:23)
    at Console._write (/home/chris/.nvm/versions/node/v22.23.2/lib/node_modules/firebase-tools/node_modules/winston-transport/modern.js:103:17)
    at doWrite (/home/chris/.nvm/versions/node/v22.23.2/lib/node_modules/firebase-tools/node_modules/winston-transport/node_modules/readable-stream/lib/_stream_writable.js:390:139)
[error] 
[error] Error: An unexpected error has occurred.
[debug] [2026-09-08T16:18:00.372Z] Error: write EPIPE
    at afterWriteDispatched (node:internal/stream_base_commons:159:15)
    at writeGeneric (node:internal/stream_base_commons:150:3)
    at Socket._writeGeneric (node:net:967:11)
    at Socket._write (node:net:979:8)
    at writeOrBuffer (node:internal/streams/writable:572:12)
    at _write (node:internal/streams/writable:501:10)
    at Writable.write (node:internal/streams/writable:510:10)
    at Console.log (/home/chris/.nvm/versions/node/v22.23.2/lib/node_modules/firebase-tools/node_modules/winston/lib/winston/transports/console.js:87:23)
    at Console._write (/home/chris/.nvm/versions/node/v22.23.2/lib/node_modules/firebase-tools/node_modules/winston-transport/modern.js:103:17)
    at doWrite (/home/chris/.nvm/versions/node/v22.23.2/lib/node_modules/firebase-tools/node_modules/winston-transport/node_modules/readable-stream/lib/_stream_writable.js:390:139)
[error] 
[error] Error: An unexpected error has occurred.
[debug] [2026-09-08T16:18:00.373Z] Error: write EPIPE
    at afterWriteDispatched (node:internal/stream_base_commons:159:15)
    at writeGeneric (node:internal/stream_base_commons:150:3)
    at Socket._writeGeneric (node:net:967:11)
    at Socket._write (node:net:979:8)
    at writeOrBuffer (node:internal/streams/writable:572:12)
    at _write (node:internal/streams/writable:501:10)
    at Writable.write (node:internal/streams/writable:510:10)
    at Console.log (/home/chris/.nvm/versions/node/v22.23.2/lib/node_modules/firebase-tools/node_modules/winston/lib/winston/transports/console.js:87:23)
    at Console._write (/home/chris/.nvm/versions/node/v22.23.2/lib/node_modules/firebase-tools/node_modules/winston-transport/modern.js:103:17)
    at doWrite (/home/chris/.nvm/versions/node/v22.23.2/lib/node_modules/firebase-tools/node_modules/winston-transport/node_modules/readable-stream/lib/_stream_writable.js:390:139)
[error] 
[error] Error: An unexpected error has occurred.
[debug] [2026-09-08T16:18:00.373Z] Error: write EPIPE
    at afterWriteDispatched (node:internal/stream_base_commons:159:15)
    at writeGeneric (node:internal/stream_base_commons:150:3)
    at Socket._writeGeneric (node:net:967:11)
    at Socket._write (node:net:979:8)
    at writeOrBuffer (node:internal/streams/writable:572:12)
    at _write (node:internal/streams/writable:501:10)
    at Writable.write (node:internal/streams/writable:510:10)
    at Console.log (/home/chris/.nvm/versions/node/v22.23.2/lib/node_modules/firebase-tools/node_modules/winston/lib/winston/transports/console.js:87:23)
    at Console._write (/home/chris/.nvm/versions/node/v22.23.2/lib/node_modules/firebase-tools/node_modules/winston-transport/modern.js:103:17)
    at doWrite (/home/chris/.nvm/versions/node/v22.23.2/lib/node_modules/firebase-tools/node_modules/winston-transport/node_modules/readable-stream/lib/_stream_writable.js:390:139)
[error] 
[error] Error: An unexpected error has occurred.
[debug] [2026-09-08T16:18:00.374Z] Error: write EPIPE
    at afterWriteDispatched (node:internal/stream_base_commons:159:15)
    at writeGeneric (node:internal/stream_base_commons:150:3)
    at Socket._writeGeneric (node:net:967:11)
    at Socket._write (node:net:979:8)
    at writeOrBuffer (node:internal/streams/writable:572:12)
    at _write (node:internal/streams/writable:501:10)
    at Writable.write (node:internal/streams/writable:510:10)
    at Console.log (/home/chris/.nvm/versions/node/v22.23.2/lib/node_modules/firebase-tools/node_modules/winston/lib/winston/transports/console.js:87:23)
    at Console._write (/home/chris/.nvm/versions/node/v22.23.2/lib/node_modules/firebase-tools/node_modules/winston-transport/modern.js:103:17)
    at doWrite (/home/chris/.nvm/versions/node/v22.23.2/lib/node_modules/firebase-tools/node_modules/winston-transport/node_modules/readable-stream/lib/_stream_writable.js:390:139)
[error] 
[error] Error: An unexpected error has occurred.
[debug] [2026-09-08T16:18:00.374Z] Error: write EPIPE
    at afterWriteDispatched (node:internal/stream_base_commons:159:15)
    at writeGeneric (node:internal/stream_base_commons:150:3)
    at Socket._writeGeneric (node:net:967:11)
    at Socket._write (node:net:979:8)
    at writeOrBuffer (node:internal/streams/writable:572:12)
    at _write (node:internal/streams/writable:501:10)
    at Writable.write (node:internal/streams/writable:510:10)
    at Console.log (/home/chris/.nvm/versions/node/v22.23.2/lib/node_modules/firebase-tools/node_modules/winston/lib/winston/transports/console.js:87:23)
    at Console._write (/home/chris/.nvm/versions/node/v22.23.2/lib/node_modules/firebase-tools/node_modules/winston-transport/modern.js:103:17)
    at doWrite (/home/chris/.nvm/versions/node/v22.23.2/lib/node_modules/firebase-tools/node_modules/winston-transport/node_modules/readable-stream/lib/_stream_writable.js:390:139)
[error] 
[error] Error: An unexpected error has occurred.
[debug] [2026-09-08T16:18:00.375Z] Error: write EPIPE
    at afterWriteDispatched (node:internal/stream_base_commons:159:15)
    at writeGeneric (node:internal/stream_base_commons:150:3)
    at Socket._writeGeneric (node:net:967:11)
    at Socket._write (node:net:979:8)
    at writeOrBuffer (node:internal/streams/writable:572:12)
    at _write (node:internal/streams/writable:501:10)
    at Writable.write (node:internal/streams/writable:510:10)
    at Console.log (/home/chris/.nvm/versions/node/v22.23.2/lib/node_modules/firebase-tools/node_modules/winston/lib/winston/transports/console.js:87:23)
    at Console._write (/home/chris/.nvm/versions/node/v22.23.2/lib/node_modules/firebase-tools/node_modules/winston-transport/modern.js:103:17)
    at doWrite (/home/chris/.nvm/versions/node/v22.23.2/lib/node_modules/firebase-tools/node_modules/winston-transport/node_modules/readable-stream/lib/_stream_writable.js:390:139)
[error] 
[error] Error: An unexpected error has occurred.
[debug] [2026-09-08T16:18:00.376Z] Error: write EPIPE
    at afterWriteDispatched (node:internal/stream_base_commons:159:15)
    at writeGeneric (node:internal/stream_base_commons:150:3)
    at Socket._writeGeneric (node:net:967:11)
    at Socket._write (node:net:979:8)
    at writeOrBuffer (node:internal/streams/writable:572:12)
    at _write (node:internal/streams/writable:501:10)
    at Writable.write (node:internal/streams/writable:510:10)
    at Console.log (/home/chris/.nvm/versions/node/v22.23.2/lib/node_modules/firebase-tools/node_modules/winston/lib/winston/transports/console.js:87:23)
    at Console._write (/home/chris/.nvm/versions/node/v22.23.2/lib/node_modules/firebase-tools/node_modules/winston-transport/modern.js:103:17)
    at doWrite (/home/chris/.nvm/versions/node/v22.23.2/lib/node_modules/firebase-tools/node_modules/winston-transport/node_modules/readable-stream/lib/_stream_writable.js:390:139)
[error] 
[error] Error: An unexpected error has occurred.
[debug] [2026-09-08T16:18:00.376Z] Error: write EPIPE
    at afterWriteDispatched (node:internal/stream_base_commons:159:15)
    at writeGeneric (node:internal/stream_base_commons:150:3)
    at Socket._writeGeneric (node:net:967:11)
    at Socket._write (node:net:979:8)
    at writeOrBuffer (node:internal/streams/writable:572:12)
    at _write (node:internal/streams/writable:501:10)
    at Writable.write (node:internal/streams/writable:510:10)
    at Console.log (/home/chris/.nvm/versions/node/v22.23.2/lib/node_modules/firebase-tools/node_modules/winston/lib/winston/transports/console.js:87:23)
    at Console._write (/home/chris/.nvm/versions/node/v22.23.2/lib/node_modules/firebase-tools/node_modules/winston-transport/modern.js:103:17)
    at doWrite (/home/chris/.nvm/versions/node/v22.23.2/lib/node_modules/firebase-tools/node_modules/winston-transport/node_modules/readable-stream/lib/_stream_writable.js:390:139)
[error] 
[error] Error: An unexpected error has occurred.
[debug] [2026-09-08T16:18:00.377Z] Error: write EPIPE
    at afterWriteDispatched (node:internal/stream_base_commons:159:15)
    at writeGeneric (node:internal/stream_base_commons:150:3)
    at Socket._writeGeneric (node:net:967:11)
    at Socket._write (node:net:979:8)
    at writeOrBuffer (node:internal/streams/writable:572:12)
    at _write (node:internal/streams/writable:501:10)
    at Writable.write (node:internal/streams/writable:510:10)
    at Console.log (/home/chris/.nvm/versions/node/v22.23.2/lib/node_modules/firebase-tools/node_modules/winston/lib/winston/transports/console.js:87:23)
    at Console._write (/home/chris/.nvm/versions/node/v22.23.2/lib/node_modules/firebase-tools/node_modules/winston-transport/modern.js:103:17)
    at doWrite (/home/chris/.nvm/versions/node/v22.23.2/lib/node_modules/firebase-tools/node_modules/winston-transport/node_modules/readable-stream/lib/_stream_writable.js:390:139)
[error] 
[error] Error: An unexpected error has occurred.
[debug] [2026-09-08T16:18:00.378Z] Error: write EPIPE
    at afterWriteDispatched (node:internal/stream_base_commons:159:15)
    at writeGeneric (node:internal/stream_base_commons:150:3)
    at Socket._writeGeneric (node:net:967:11)
    at Socket._write (node:net:979:8)
    at writeOrBuffer (node:internal/streams/writable:572:12)
    at _write (node:internal/streams/writable:501:10)
    at Writable.write (node:internal/streams/writable:510:10)
    at Console.log (/home/chris/.nvm/versions/node/v22.23.2/lib/node_modules/firebase-tools/node_modules/winston/lib/winston/transports/console.js:87:23)
    at Console._write (/home/chris/.nvm/versions/node/v22.23.2/lib/node_modules/firebase-tools/node_modules/winston-transport/modern.js:103:17)
    at doWrite (/home/chris/.nvm/versions/node/v22.23.2/lib/node_modules/firebase-tools/node_modules/winston-transport/node_modules/readable-stream/lib/_stream_writable.js:390:139)
[error] 
[error] Error: An unexpected error has occurred.
[debug] [2026-09-08T16:18:00.379Z] Error: write EPIPE
    at afterWriteDispatched (node:internal/stream_base_commons:159:15)
    at writeGeneric (node:internal/stream_base_commons:150:3)
    at Socket._writeGeneric (node:net:967:11)
    at Socket._write (node:net:979:8)
    at writeOrBuffer (node:internal/streams/writable:572:12)
    at _write (node:internal/streams/writable:501:10)
    at Writable.write (node:internal/streams/writable:510:10)
    at Console.log (/home/chris/.nvm/versions/node/v22.23.2/lib/node_modules/firebase-tools/node_modules/winston/lib/winston/transports/console.js:87:23)
    at Console._write (/home/chris/.nvm/versions/node/v22.23.2/lib/node_modules/firebase-tools/node_modules/winston-transport/modern.js:103:17)
    at doWrite (/home/chris/.nvm/versions/node/v22.23.2/lib/node_modules/firebase-tools/node_modules/winston-transport/node_modules/readable-stream/lib/_stream_writable.js:390:139)
[error] 
[error] Error: An unexpected error has occurred.
[debug] [2026-09-08T16:18:00.380Z] Error: write EPIPE
    at afterWriteDispatched (node:internal/stream_base_commons:159:15)
    at writeGeneric (node:internal/stream_base_commons:150:3)
    at Socket._writeGeneric (node:net:967:11)
    at Socket._write (node:net:979:8)
    at writeOrBuffer (node:internal/streams/writable:572:12)
    at _write (node:internal/streams/writable:501:10)
    at Writable.write (node:internal/streams/writable:510:10)
    at Console.log (/home/chris/.nvm/versions/node/v22.23.2/lib/node_modules/firebase-tools/node_modules/winston/lib/winston/transports/console.js:87:23)
    at Console._write (/home/chris/.nvm/versions/node/v22.23.2/lib/node_modules/firebase-tools/node_modules/winston-transport/modern.js:103:17)
    at doWrite (/home/chris/.nvm/versions/node/v22.23.2/lib/node_modules/firebase-tools/node_modules/winston-transport/node_modules/readable-stream/lib/_stream_writable.js:390:139)
[error] 
[error] Error: An unexpected error has occurred.
[debug] [2026-09-08T16:18:00.380Z] Error: write EPIPE
    at afterWriteDispatched (node:internal/stream_base_commons:159:15)
    at writeGeneric (node:internal/stream_base_commons:150:3)
    at Socket._writeGeneric (node:net:967:11)
    at Socket._write (node:net:979:8)
    at writeOrBuffer (node:internal/streams/writable:572:12)
    at _write (node:internal/streams/writable:501:10)
    at Writable.write (node:internal/streams/writable:510:10)
    at Console.log (/home/chris/.nvm/versions/node/v22.23.2/lib/node_modules/firebase-tools/node_modules/winston/lib/winston/transports/console.js:87:23)
    at Console._write (/home/chris/.nvm/versions/node/v22.23.2/lib/node_modules/firebase-tools/node_modules/winston-transport/modern.js:103:17)
    at doWrite (/home/chris/.nvm/versions/node/v22.23.2/lib/node_modules/firebase-tools/node_modules/winston-transport/node_modules/readable-stream/lib/_stream_writable.js:390:139)
[error] 
[error] Error: An unexpected error has occurred.
[debug] [2026-09-08T16:18:00.381Z] Error: write EPIPE
    at afterWriteDispatched (node:internal/stream_base_commons:159:15)
    at writeGeneric (node:internal/stream_base_commons:150:3)
    at Socket._writeGeneric (node:net:967:11)
    at Socket._write (node:net:979:8)
    at writeOrBuffer (node:internal/streams/writable:572:12)
    at _write (node:internal/streams/writable:501:10)
    at Writable.write (node:internal/streams/writable:510:10)
    at Console.log (/home/chris/.nvm/versions/node/v22.23.2/lib/node_modules/firebase-tools/node_modules/winston/lib/winston/transports/console.js:87:23)
    at Console._write (/home/chris/.nvm/versions/node/v22.23.2/lib/node_modules/firebase-tools/node_modules/winston-transport/modern.js:103:17)
    at doWrite (/home/chris/.nvm/versions/node/v22.23.2/lib/node_modules/firebase-tools/node_modules/winston-transport/node_modules/readable-stream/lib/_stream_writable.js:390:139)
[error] 
[error] Error: An unexpected error has occurred.
[debug] [2026-09-08T16:18:00.382Z] Error: write EPIPE
    at afterWriteDispatched (node:internal/stream_base_commons:159:15)
    at writeGeneric (node:internal/stream_base_commons:150:3)
    at Socket._writeGeneric (node:net:967:11)
    at Socket._write (node:net:979:8)
    at writeOrBuffer (node:internal/streams/writable:572:12)
    at _write (node:internal/streams/writable:501:10)
    at Writable.write (node:internal/streams/writable:510:10)
    at Console.log (/home/chris/.nvm/versions/node/v22.23.2/lib/node_modules/firebase-tools/node_modules/winston/lib/winston/transports/console.js:87:23)
    at Console._write (/home/chris/.nvm/versions/node/v22.23.2/lib/node_modules/firebase-tools/node_modules/winston-transport/modern.js:103:17)
    at doWrite (/home/chris/.nvm/versions/node/v22.23.2/lib/node_modules/firebase-tools/node_modules/winston-transport/node_modules/readable-stream/lib/_stream_writable.js:390:139)
[error] 
[error] Error: An unexpected error has occurred.
[debug] [2026-09-08T16:18:00.383Z] Error: write EPIPE
    at afterWriteDispatched (node:internal/stream_base_commons:159:15)
    at writeGeneric (node:internal/stream_base_commons:150:3)
    at Socket._writeGeneric (node:net:967:11)
    at Socket._write (node:net:979:8)
    at writeOrBuffer (node:internal/streams/writable:572:12)
    at _write (node:internal/streams/writable:501:10)
    at Writable.write (node:internal/streams/writable:510:10)
    at Console.log (/home/chris/.nvm/versions/node/v22.23.2/lib/node_modules/firebase-tools/node_modules/winston/lib/winston/transports/console.js:87:23)
    at Console._write (/home/chris/.nvm/versions/node/v22.23.2/lib/node_modules/firebase-tools/node_modules/winston-transport/modern.js:103:17)
    at doWrite (/home/chris/.nvm/versions/node/v22.23.2/lib/node_modules/firebase-tools/node_modules/winston-transport/node_modules/readable-stream/lib/_stream_writable.js:390:139)
[error] 
[error] Error: An unexpected error has occurred.
[debug] [2026-09-08T16:18:00.383Z] Error: write EPIPE
    at afterWriteDispatched (node:internal/stream_base_commons:159:15)
    at writeGeneric (node:internal/stream_base_commons:150:3)
    at Socket._writeGeneric (node:net:967:11)
    at Socket._write (node:net:979:8)
    at writeOrBuffer (node:internal/streams/writable:572:12)
    at _write (node:internal/streams/writable:501:10)
    at Writable.write (node:internal/streams/writable:510:10)
    at Console.log (/home/chris/.nvm/versions/node/v22.23.2/lib/node_modules/firebase-tools/node_modules/winston/lib/winston/transports/console.js:87:23)
    at Console._write (/home/chris/.nvm/versions/node/v22.23.2/lib/node_modules/firebase-tools/node_modules/winston-transport/modern.js:103:17)
    at doWrite (/home/chris/.nvm/versions/node/v22.23.2/lib/node_modules/firebase-tools/node_modules/winston-transport/node_modules/readable-stream/lib/_stream_writable.js:390:139)
[error] 
[error] Error: An unexpected error has occurred.
[debug] [2026-09-08T16:18:00.384Z] Error: write EPIPE
    at afterWriteDispatched (node:internal/stream_base_commons:159:15)
    at writeGeneric (node:internal/stream_base_commons:150:3)
    at Socket._writeGeneric (node:net:967:11)
    at Socket._write (node:net:979:8)
    at writeOrBuffer (node:internal/streams/writable:572:12)
    at _write (node:internal/streams/writable:501:10)
    at Writable.write (node:internal/streams/writable:510:10)
    at Console.log (/home/chris/.nvm/versions/node/v22.23.2/lib/node_modules/firebase-tools/node_modules/winston/lib/winston/transports/console.js:87:23)
    at Console._write (/home/chris/.nvm/versions/node/v22.23.2/lib/node_modules/firebase-tools/node_modules/winston-transport/modern.js:103:17)
    at doWrite (/home/chris/.nvm/versions/node/v22.23.2/lib/node_modules/firebase-tools/node_modules/winston-transport/node_modules/readable-stream/lib/_stream_writable.js:390:139)
[error] 
[error] Error: An unexpected error has occurred.
[debug] [2026-09-08T16:18:00.384Z] Error: write EPIPE
    at afterWriteDispatched (node:internal/stream_base_commons:159:15)
    at writeGeneric (node:internal/stream_base_commons:150:3)
    at Socket._writeGeneric (node:net:967:11)
    at Socket._write (node:net:979:8)
    at writeOrBuffer (node:internal/streams/writable:572:12)
    at _write (node:internal/streams/writable:501:10)
    at Writable.write (node:internal/streams/writable:510:10)
    at Console.log (/home/chris/.nvm/versions/node/v22.23.2/lib/node_modules/firebase-tools/node_modules/winston/lib/winston/transports/console.js:87:23)
    at Console._write (/home/chris/.nvm/versions/node/v22.23.2/lib/node_modules/firebase-tools/node_modules/winston-transport/modern.js:103:17)
    at doWrite (/home/chris/.nvm/versions/node/v22.23.2/lib/node_modules/firebase-tools/node_modules/winston-transport/node_modules/readable-stream/lib/_stream_writable.js:390:139)
[error] 
[error] Error: An unexpected error has occurred.
[debug] [2026-09-08T16:18:00.385Z] Error: write EPIPE
    at afterWriteDispatched (node:internal/stream_base_commons:159:15)
    at writeGeneric (node:internal/stream_base_commons:150:3)
    at Socket._writeGeneric (node:net:967:11)
    at Socket._write (node:net:979:8)
    at writeOrBuffer (node:internal/streams/writable:572:12)
    at _write (node:internal/streams/writable:501:10)
    at Writable.write (node:internal/streams/writable:510:10)
    at Console.log (/home/chris/.nvm/versions/node/v22.23.2/lib/node_modules/firebase-tools/node_modules/winston/lib/winston/transports/console.js:87:23)
    at Console._write (/home/chris/.nvm/versions/node/v22.23.2/lib/node_modules/firebase-tools/node_modules/winston-transport/modern.js:103:17)
    at doWrite (/home/chris/.nvm/versions/node/v22.23.2/lib/node_modules/firebase-tools/node_modules/winston-transport/node_modules/readable-stream/lib/_stream_writable.js:390:139)
[error] 
[error] Error: An unexpected error has occurred.
[debug] [2026-09-08T16:18:00.386Z] Error: write EPIPE
    at afterWriteDispatched (node:internal/stream_base_commons:159:15)
    at writeGeneric (node:internal/stream_base_commons:150:3)
    at Socket._writeGeneric (node:net:967:11)
    at Socket._write (node:net:979:8)
    at writeOrBuffer (node:internal/streams/writable:572:12)
    at _write (node:internal/streams/writable:501:10)
    at Writable.write (node:internal/streams/writable:510:10)
    at Console.log (/home/chris/.nvm/versions/node/v22.23.2/lib/node_modules/firebase-tools/node_modules/winston/lib/winston/transports/console.js:87:23)
    at Console._write (/home/chris/.nvm/versions/node/v22.23.2/lib/node_modules/firebase-tools/node_modules/winston-transport/modern.js:103:17)
    at doWrite (/home/chris/.nvm/versions/node/v22.23.2/lib/node_modules/firebase-tools/node_modules/winston-transport/node_modules/readable-stream/lib/_stream_writable.js:390:139)
[error] 
[error] Error: An unexpected error has occurred.
[debug] [2026-09-08T16:18:00.386Z] Error: write EPIPE
    at afterWriteDispatched (node:internal/stream_base_commons:159:15)
    at writeGeneric (node:internal/stream_base_commons:150:3)
    at Socket._writeGeneric (node:net:967:11)
    at Socket._write (node:net:979:8)
    at writeOrBuffer (node:internal/streams/writable:572:12)
    at _write (node:internal/streams/writable:501:10)
    at Writable.write (node:internal/streams/writable:510:10)
    at Console.log (/home/chris/.nvm/versions/node/v22.23.2/lib/node_modules/firebase-tools/node_modules/winston/lib/winston/transports/console.js:87:23)
    at Console._write (/home/chris/.nvm/versions/node/v22.23.2/lib/node_modules/firebase-tools/node_modules/winston-transport/modern.js:103:17)
    at doWrite (/home/chris/.nvm/versions/node/v22.23.2/lib/node_modules/firebase-tools/node_modules/winston-transport/node_modules/readable-stream/lib/_stream_writable.js:390:139)
[error] 
[error] Error: An unexpected error has occurred.
[debug] [2026-09-08T16:18:00.387Z] Error: write EPIPE
    at afterWriteDispatched (node:internal/stream_base_commons:159:15)
    at writeGeneric (node:internal/stream_base_commons:150:3)
    at Socket._writeGeneric (node:net:967:11)
    at Socket._write (node:net:979:8)
    at writeOrBuffer (node:internal/streams/writable:572:12)
    at _write (node:internal/streams/writable:501:10)
    at Writable.write (node:internal/streams/writable:510:10)
    at Console.log (/home/chris/.nvm/versions/node/v22.23.2/lib/node_modules/firebase-tools/node_modules/winston/lib/winston/transports/console.js:87:23)
    at Console._write (/home/chris/.nvm/versions/node/v22.23.2/lib/node_modules/firebase-tools/node_modules/winston-transport/modern.js:103:17)
    at doWrite (/home/chris/.nvm/versions/node/v22.23.2/lib/node_modules/firebase-tools/node_modules/winston-transport/node_modules/readable-stream/lib/_stream_writable.js:390:139)
[error] 
[error] Error: An unexpected error has occurred.
[debug] [2026-09-08T16:18:00.387Z] Error: write EPIPE
    at afterWriteDispatched (node:internal/stream_base_commons:159:15)
    at writeGeneric (node:internal/stream_base_commons:150:3)
    at Socket._writeGeneric (node:net:967:11)
    at Socket._write (node:net:979:8)
    at writeOrBuffer (node:internal/streams/writable:572:12)
    at _write (node:internal/streams/writable:501:10)
    at Writable.write (node:internal/streams/writable:510:10)
    at Console.log (/home/chris/.nvm/versions/node/v22.23.2/lib/node_modules/firebase-tools/node_modules/winston/lib/winston/transports/console.js:87:23)
    at Console._write (/home/chris/.nvm/versions/node/v22.23.2/lib/node_modules/firebase-tools/node_modules/winston-transport/modern.js:103:17)
    at doWrite (/home/chris/.nvm/versions/node/v22.23.2/lib/node_modules/firebase-tools/node_modules/winston-transport/node_modules/readable-stream/lib/_stream_writable.js:390:139)
[error] 
[error] Error: An unexpected error has occurred.
[debug] [2026-09-08T16:18:00.388Z] Error: write EPIPE
    at afterWriteDispatched (node:internal/stream_base_commons:159:15)
    at writeGeneric (node:internal/stream_base_commons:150:3)
    at Socket._writeGeneric (node:net:967:11)
    at Socket._write (node:net:979:8)
    at writeOrBuffer (node:internal/streams/writable:572:12)
    at _write (node:internal/streams/writable:501:10)
    at Writable.write (node:internal/streams/writable:510:10)
    at Console.log (/home/chris/.nvm/versions/node/v22.23.2/lib/node_modules/firebase-tools/node_modules/winston/lib/winston/transports/console.js:87:23)
    at Console._write (/home/chris/.nvm/versions/node/v22.23.2/lib/node_modules/firebase-tools/node_modules/winston-transport/modern.js:103:17)
    at doWrite (/home/chris/.nvm/versions/node/v22.23.2/lib/node_modules/firebase-tools/node_modules/winston-transport/node_modules/readable-stream/lib/_stream_writable.js:390:139)
[error] 
[error] Error: An unexpected error has occurred.
[debug] [2026-09-08T16:18:00.388Z] Error: write EPIPE
    at afterWriteDispatched (node:internal/stream_base_commons:159:15)
    at writeGeneric (node:internal/stream_base_commons:150:3)
    at Socket._writeGeneric (node:net:967:11)
    at Socket._write (node:net:979:8)
    at writeOrBuffer (node:internal/streams/writable:572:12)
    at _write (node:internal/streams/writable:501:10)
    at Writable.write (node:internal/streams/writable:510:10)
    at Console.log (/home/chris/.nvm/versions/node/v22.23.2/lib/node_modules/firebase-tools/node_modules/winston/lib/winston/transports/console.js:87:23)
    at Console._write (/home/chris/.nvm/versions/node/v22.23.2/lib/node_modules/firebase-tools/node_modules/winston-transport/modern.js:103:17)
    at doWrite (/home/chris/.nvm/versions/node/v22.23.2/lib/node_modules/firebase-tools/node_modules/winston-transport/node_modules/readable-stream/lib/_stream_writable.js:390:139)
[error] 
[error] Error: An unexpected error has occurred.
[debug] [2026-09-08T16:18:00.389Z] Error: write EPIPE
    at afterWriteDispatched (node:internal/stream_base_commons:159:15)
    at writeGeneric (node:internal/stream_base_commons:150:3)
    at Socket._writeGeneric (node:net:967:11)
    at Socket._write (node:net:979:8)
    at writeOrBuffer (node:internal/streams/writable:572:12)
    at _write (node:internal/streams/writable:501:10)
    at Writable.write (node:internal/streams/writable:510:10)
    at Console.log (/home/chris/.nvm/versions/node/v22.23.2/lib/node_modules/firebase-tools/node_modules/winston/lib/winston/transports/console.js:87:23)
    at Console._write (/home/chris/.nvm/versions/node/v22.23.2/lib/node_modules/firebase-tools/node_modules/winston-transport/modern.js:103:17)
    at doWrite (/home/chris/.nvm/versions/node/v22.23.2/lib/node_modules/firebase-tools/node_modules/winston-transport/node_modules/readable-stream/lib/_stream_writable.js:390:139)
[error] 
[error] Error: An unexpected error has occurred.
[debug] [2026-09-08T16:18:00.389Z] Error: write EPIPE
    at afterWriteDispatched (node:internal/stream_base_commons:159:15)
    at writeGeneric (node:internal/stream_base_commons:150:3)
    at Socket._writeGeneric (node:net:967:11)
    at Socket._write (node:net:979:8)
    at writeOrBuffer (node:internal/streams/writable:572:12)
    at _write (node:internal/streams/writable:501:10)
    at Writable.write (node:internal/streams/writable:510:10)
    at Console.log (/home/chris/.nvm/versions/node/v22.23.2/lib/node_modules/firebase-tools/node_modules/winston/lib/winston/transports/console.js:87:23)
    at Console._write (/home/chris/.nvm/versions/node/v22.23.2/lib/node_modules/firebase-tools/node_modules/winston-transport/modern.js:103:17)
    at doWrite (/home/chris/.nvm/versions/node/v22.23.2/lib/node_modules/firebase-tools/node_modules/winston-transport/node_modules/readable-stream/lib/_stream_writable.js:390:139)
[error] 
[error] Error: An unexpected error has occurred.
[debug] [2026-09-08T16:18:00.390Z] Error: write EPIPE
    at afterWriteDispatched (node:internal/stream_base_commons:159:15)
    at writeGeneric (node:internal/stream_base_commons:150:3)
    at Socket._writeGeneric (node:net:967:11)
    at Socket._write (node:net:979:8)
    at writeOrBuffer (node:internal/streams/writable:572:12)
    at _write (node:internal/streams/writable:501:10)
    at Writable.write (node:internal/streams/writable:510:10)
    at Console.log (/home/chris/.nvm/versions/node/v22.23.2/lib/node_modules/firebase-tools/node_modules/winston/lib/winston/transports/console.js:87:23)
    at Console._write (/home/chris/.nvm/versions/node/v22.23.2/lib/node_modules/firebase-tools/node_modules/winston-transport/modern.js:103:17)
    at doWrite (/home/chris/.nvm/versions/node/v22.23.2/lib/node_modules/firebase-tools/node_modules/winston-transport/node_modules/readable-stream/lib/_stream_writable.js:390:139)
[error] 
[error] Error: An unexpected error has occurred.
[debug] [2026-09-08T16:18:00.390Z] Error: write EPIPE
    at afterWriteDispatched (node:internal/stream_base_commons:159:15)
    at writeGeneric (node:internal/stream_base_commons:150:3)
    at Socket._writeGeneric (node:net:967:11)
    at Socket._write (node:net:979:8)
    at writeOrBuffer (node:internal/streams/writable:572:12)
    at _write (node:internal/streams/writable:501:10)
    at Writable.write (node:internal/streams/writable:510:10)
    at Console.log (/home/chris/.nvm/versions/node/v22.23.2/lib/node_modules/firebase-tools/node_modules/winston/lib/winston/transports/console.js:87:23)
    at Console._write (/home/chris/.nvm/versions/node/v22.23.2/lib/node_modules/firebase-tools/node_modules/winston-transport/modern.js:103:17)
    at doWrite (/home/chris/.nvm/versions/node/v22.23.2/lib/node_modules/firebase-tools/node_modules/winston-transport/node_modules/readable-stream/lib/_stream_writable.js:390:139)
[error] 
[error] Error: An unexpected error has occurred.
[debug] [2026-09-08T16:18:00.391Z] Error: write EPIPE
    at afterWriteDispatched (node:internal/stream_base_commons:159:15)
    at writeGeneric (node:internal/stream_base_commons:150:3)
    at Socket._writeGeneric (node:net:967:11)
    at Socket._write (node:net:979:8)
    at writeOrBuffer (node:internal/streams/writable:572:12)
    at _write (node:internal/streams/writable:501:10)
    at Writable.write (node:internal/streams/writable:510:10)
    at Console.log (/home/chris/.nvm/versions/node/v22.23.2/lib/node_modules/firebase-tools/node_modules/winston/lib/winston/transports/console.js:87:23)
    at Console._write (/home/chris/.nvm/versions/node/v22.23.2/lib/node_modules/firebase-tools/node_modules/winston-transport/modern.js:103:17)
    at doWrite (/home/chris/.nvm/versions/node/v22.23.2/lib/node_modules/firebase-tools/node_modules/winston-transport/node_modules/readable-stream/lib/_stream_writable.js:390:139)
[error] 
[error] Error: An unexpected error has occurred.
[debug] [2026-09-08T16:18:00.392Z] Error: write EPIPE
    at afterWriteDispatched (node:internal/stream_base_commons:159:15)
    at writeGeneric (node:internal/stream_base_commons:150:3)
    at Socket._writeGeneric (node:net:967:11)
    at Socket._write (node:net:979:8)
    at writeOrBuffer (node:internal/streams/writable:572:12)
    at _write (node:internal/streams/writable:501:10)
    at Writable.write (node:internal/streams/writable:510:10)
    at Console.log (/home/chris/.nvm/versions/node/v22.23.2/lib/node_modules/firebase-tools/node_modules/winston/lib/winston/transports/console.js:87:23)
    at Console._write (/home/chris/.nvm/versions/node/v22.23.2/lib/node_modules/firebase-tools/node_modules/winston-transport/modern.js:103:17)
    at doWrite (/home/chris/.nvm/versions/node/v22.23.2/lib/node_modules/firebase-tools/node_modules/winston-transport/node_modules/readable-stream/lib/_stream_writable.js:390:139)
[error] 
[error] Error: An unexpected error has occurred.
[debug] [2026-09-08T16:18:00.392Z] Error: write EPIPE
    at afterWriteDispatched (node:internal/stream_base_commons:159:15)
    at writeGeneric (node:internal/stream_base_commons:150:3)
    at Socket._writeGeneric (node:net:967:11)
    at Socket._write (node:net:979:8)
    at writeOrBuffer (node:internal/streams/writable:572:12)
    at _write (node:internal/streams/writable:501:10)
    at Writable.write (node:internal/streams/writable:510:10)
    at Console.log (/home/chris/.nvm/versions/node/v22.23.2/lib/node_modules/firebase-tools/node_modules/winston/lib/winston/transports/console.js:87:23)
    at Console._write (/home/chris/.nvm/versions/node/v22.23.2/lib/node_modules/firebase-tools/node_modules/winston-transport/modern.js:103:17)
    at doWrite (/home/chris/.nvm/versions/node/v22.23.2/lib/node_modules/firebase-tools/node_modules/winston-transport/node_modules/readable-stream/lib/_stream_writable.js:390:139)
[error] 
[error] Error: An unexpected error has occurred.
[debug] [2026-09-08T16:18:00.393Z] Error: write EPIPE
    at afterWriteDispatched (node:internal/stream_base_commons:159:15)
    at writeGeneric (node:internal/stream_base_commons:150:3)
    at Socket._writeGeneric (node:net:967:11)
    at Socket._write (node:net:979:8)
    at writeOrBuffer (node:internal/streams/writable:572:12)
    at _write (node:internal/streams/writable:501:10)
    at Writable.write (node:internal/streams/writable:510:10)
    at Console.log (/home/chris/.nvm/versions/node/v22.23.2/lib/node_modules/firebase-tools/node_modules/winston/lib/winston/transports/console.js:87:23)
    at Console._write (/home/chris/.nvm/versions/node/v22.23.2/lib/node_modules/firebase-tools/node_modules/winston-transport/modern.js:103:17)
    at doWrite (/home/chris/.nvm/versions/node/v22.23.2/lib/node_modules/firebase-tools/node_modules/winston-transport/node_modules/readable-stream/lib/_stream_writable.js:390:139)
[error] 
[error] Error: An unexpected error has occurred.
[debug] [2026-09-08T16:18:00.393Z] Error: write EPIPE
    at afterWriteDispatched (node:internal/stream_base_commons:159:15)
    at writeGeneric (node:internal/stream_base_commons:150:3)
    at Socket._writeGeneric (node:net:967:11)
    at Socket._write (node:net:979:8)
    at writeOrBuffer (node:internal/streams/writable:572:12)
    at _write (node:internal/streams/writable:501:10)
    at Writable.write (node:internal/streams/writable:510:10)
    at Console.log (/home/chris/.nvm/versions/node/v22.23.2/lib/node_modules/firebase-tools/node_modules/winston/lib/winston/transports/console.js:87:23)
    at Console._write (/home/chris/.nvm/versions/node/v22.23.2/lib/node_modules/firebase-tools/node_modules/winston-transport/modern.js:103:17)
    at doWrite (/home/chris/.nvm/versions/node/v22.23.2/lib/node_modules/firebase-tools/node_modules/winston-transport/node_modules/readable-stream/lib/_stream_writable.js:390:139)
[error] 
[error] Error: An unexpected error has occurred.
[debug] [2026-09-08T16:18:00.394Z] Error: write EPIPE
    at afterWriteDispatched (node:internal/stream_base_commons:159:15)
    at writeGeneric (node:internal/stream_base_commons:150:3)
    at Socket._writeGeneric (node:net:967:11)
    at Socket._write (node:net:979:8)
    at writeOrBuffer (node:internal/streams/writable:572:12)
    at _write (node:internal/streams/writable:501:10)
    at Writable.write (node:internal/streams/writable:510:10)
    at Console.log (/home/chris/.nvm/versions/node/v22.23.2/lib/node_modules/firebase-tools/node_modules/winston/lib/winston/transports/console.js:87:23)
    at Console._write (/home/chris/.nvm/versions/node/v22.23.2/lib/node_modules/firebase-tools/node_modules/winston-transport/modern.js:103:17)
    at doWrite (/home/chris/.nvm/versions/node/v22.23.2/lib/node_modules/firebase-tools/node_modules/winston-transport/node_modules/readable-stream/lib/_stream_writable.js:390:139)
[error] 
[error] Error: An unexpected error has occurred.
[debug] [2026-09-08T16:18:00.394Z] Error: write EPIPE
    at afterWriteDispatched (node:internal/stream_base_commons:159:15)
    at writeGeneric (node:internal/stream_base_commons:150:3)
    at Socket._writeGeneric (node:net:967:11)
    at Socket._write (node:net:979:8)
    at writeOrBuffer (node:internal/streams/writable:572:12)
    at _write (node:internal/streams/writable:501:10)
    at Writable.write (node:internal/streams/writable:510:10)
    at Console.log (/home/chris/.nvm/versions/node/v22.23.2/lib/node_modules/firebase-tools/node_modules/winston/lib/winston/transports/console.js:87:23)
    at Console._write (/home/chris/.nvm/versions/node/v22.23.2/lib/node_modules/firebase-tools/node_modules/winston-transport/modern.js:103:17)
    at doWrite (/home/chris/.nvm/versions/node/v22.23.2/lib/node_modules/firebase-tools/node_modules/winston-transport/node_modules/readable-stream/lib/_stream_writable.js:390:139)
[error] 
[error] Error: An unexpected error has occurred.
[debug] [2026-09-08T16:18:00.397Z] Error: write EPIPE
    at afterWriteDispatched (node:internal/stream_base_commons:159:15)
    at writeGeneric (node:internal/stream_base_commons:150:3)
    at Socket._writeGeneric (node:net:967:11)
    at Socket._write (node:net:979:8)
    at writeOrBuffer (node:internal/streams/writable:572:12)
    at _write (node:internal/streams/writable:501:10)
    at Writable.write (node:internal/streams/writable:510:10)
    at Console.log (/home/chris/.nvm/versions/node/v22.23.2/lib/node_modules/firebase-tools/node_modules/winston/lib/winston/transports/console.js:87:23)
    at Console._write (/home/chris/.nvm/versions/node/v22.23.2/lib/node_modules/firebase-tools/node_modules/winston-transport/modern.js:103:17)
    at doWrite (/home/chris/.nvm/versions/node/v22.23.2/lib/node_modules/firebase-tools/node_modules/winston-transport/node_modules/readable-stream/lib/_stream_writable.js:390:139)
[error] 
[error] Error: An unexpected error has occurred.
[debug] [2026-09-08T16:18:00.397Z] Error: write EPIPE
    at afterWriteDispatched (node:internal/stream_base_commons:159:15)
    at writeGeneric (node:internal/stream_base_commons:150:3)
    at Socket._writeGeneric (node:net:967:11)
    at Socket._write (node:net:979:8)
    at writeOrBuffer (node:internal/streams/writable:572:12)
    at _write (node:internal/streams/writable:501:10)
    at Writable.write (node:internal/streams/writable:510:10)
    at Console.log (/home/chris/.nvm/versions/node/v22.23.2/lib/node_modules/firebase-tools/node_modules/winston/lib/winston/transports/console.js:87:23)
    at Console._write (/home/chris/.nvm/versions/node/v22.23.2/lib/node_modules/firebase-tools/node_modules/winston-transport/modern.js:103:17)
    at doWrite (/home/chris/.nvm/versions/node/v22.23.2/lib/node_modules/firebase-tools/node_modules/winston-transport/node_modules/readable-stream/lib/_stream_writable.js:390:139)
[error] 
[error] Error: An unexpected error has occurred.
[debug] [2026-09-08T16:18:00.398Z] Error: write EPIPE
    at afterWriteDispatched (node:internal/stream_base_commons:159:15)
    at writeGeneric (node:internal/stream_base_commons:150:3)
    at Socket._writeGeneric (node:net:967:11)
    at Socket._write (node:net:979:8)
    at writeOrBuffer (node:internal/streams/writable:572:12)
    at _write (node:internal/streams/writable:501:10)
    at Writable.write (node:internal/streams/writable:510:10)
    at Console.log (/home/chris/.nvm/versions/node/v22.23.2/lib/node_modules/firebase-tools/node_modules/winston/lib/winston/transports/console.js:87:23)
    at Console._write (/home/chris/.nvm/versions/node/v22.23.2/lib/node_modules/firebase-tools/node_modules/winston-transport/modern.js:103:17)
    at doWrite (/home/chris/.nvm/versions/node/v22.23.2/lib/node_modules/firebase-tools/node_modules/winston-transport/node_modules/readable-stream/lib/_stream_writable.js:390:139)
[error] 
[error] Error: An unexpected error has occurred.
[debug] [2026-09-08T16:18:00.399Z] Error: write EPIPE
    at afterWriteDispatched (node:internal/stream_base_commons:159:15)
    at writeGeneric (node:internal/stream_base_commons:150:3)
    at Socket._writeGeneric (node:net:967:11)
    at Socket._write (node:net:979:8)
    at writeOrBuffer (node:internal/streams/writable:572:12)
    at _write (node:internal/streams/writable:501:10)
    at Writable.write (node:internal/streams/writable:510:10)
    at Console.log (/home/chris/.nvm/versions/node/v22.23.2/lib/node_modules/firebase-tools/node_modules/winston/lib/winston/transports/console.js:87:23)
    at Console._write (/home/chris/.nvm/versions/node/v22.23.2/lib/node_modules/firebase-tools/node_modules/winston-transport/modern.js:103:17)
    at doWrite (/home/chris/.nvm/versions/node/v22.23.2/lib/node_modules/firebase-tools/node_modules/winston-transport/node_modules/readable-stream/lib/_stream_writable.js:390:139)
[error] 
[error] Error: An unexpected error has occurred.
[debug] [2026-09-08T16:18:00.399Z] Error: write EPIPE
    at afterWriteDispatched (node:internal/stream_base_commons:159:15)
    at writeGeneric (node:internal/stream_base_commons:150:3)
    at Socket._writeGeneric (node:net:967:11)
    at Socket._write (node:net:979:8)
    at writeOrBuffer (node:internal/streams/writable:572:12)
    at _write (node:internal/streams/writable:501:10)
    at Writable.write (node:internal/streams/writable:510:10)
    at Console.log (/home/chris/.nvm/versions/node/v22.23.2/lib/node_modules/firebase-tools/node_modules/winston/lib/winston/transports/console.js:87:23)
    at Console._write (/home/chris/.nvm/versions/node/v22.23.2/lib/node_modules/firebase-tools/node_modules/winston-transport/modern.js:103:17)
    at doWrite (/home/chris/.nvm/versions/node/v22.23.2/lib/node_modules/firebase-tools/node_modules/winston-transport/node_modules/readable-stream/lib/_stream_writable.js:390:139)
[error] 
[error] Error: An unexpected error has occurred.
[debug] [2026-09-08T16:18:00.399Z] Error: write EPIPE
    at afterWriteDispatched (node:internal/stream_base_commons:159:15)
    at writeGeneric (node:internal/stream_base_commons:150:3)
    at Socket._writeGeneric (node:net:967:11)
    at Socket._write (node:net:979:8)
    at writeOrBuffer (node:internal/streams/writable:572:12)
    at _write (node:internal/streams/writable:501:10)
    at Writable.write (node:internal/streams/writable:510:10)
    at Console.log (/home/chris/.nvm/versions/node/v22.23.2/lib/node_modules/firebase-tools/node_modules/winston/lib/winston/transports/console.js:87:23)
    at Console._write (/home/chris/.nvm/versions/node/v22.23.2/lib/node_modules/firebase-tools/node_modules/winston-transport/modern.js:103:17)
    at doWrite (/home/chris/.nvm/versions/node/v22.23.2/lib/node_modules/firebase-tools/node_modules/winston-transport/node_modules/readable-stream/lib/_stream_writable.js:390:139)
[error] 
[error] Error: An unexpected error has occurred.
[debug] [2026-09-08T16:18:00.400Z] Error: write EPIPE
    at afterWriteDispatched (node:internal/stream_base_commons:159:15)
    at writeGeneric (node:internal/stream_base_commons:150:3)
    at Socket._writeGeneric (node:net:967:11)
    at Socket._write (node:net:979:8)
    at writeOrBuffer (node:internal/streams/writable:572:12)
    at _write (node:internal/streams/writable:501:10)
    at Writable.write (node:internal/streams/writable:510:10)
    at Console.log (/home/chris/.nvm/versions/node/v22.23.2/lib/node_modules/firebase-tools/node_modules/winston/lib/winston/transports/console.js:87:23)
    at Console._write (/home/chris/.nvm/versions/node/v22.23.2/lib/node_modules/firebase-tools/node_modules/winston-transport/modern.js:103:17)
    at doWrite (/home/chris/.nvm/versions/node/v22.23.2/lib/node_modules/firebase-tools/node_modules/winston-transport/node_modules/readable-stream/lib/_stream_writable.js:390:139)
[error] 
[error] Error: An unexpected error has occurred.
[debug] [2026-09-08T16:18:00.400Z] Error: write EPIPE
    at afterWriteDispatched (node:internal/stream_base_commons:159:15)
    at writeGeneric (node:internal/stream_base_commons:150:3)
    at Socket._writeGeneric (node:net:967:11)
    at Socket._write (node:net:979:8)
    at writeOrBuffer (node:internal/streams/writable:572:12)
    at _write (node:internal/streams/writable:501:10)
    at Writable.write (node:internal/streams/writable:510:10)
    at Console.log (/home/chris/.nvm/versions/node/v22.23.2/lib/node_modules/firebase-tools/node_modules/winston/lib/winston/transports/console.js:87:23)
    at Console._write (/home/chris/.nvm/versions/node/v22.23.2/lib/node_modules/firebase-tools/node_modules/winston-transport/modern.js:103:17)
    at doWrite (/home/chris/.nvm/versions/node/v22.23.2/lib/node_modules/firebase-tools/node_modules/winston-transport/node_modules/readable-stream/lib/_stream_writable.js:390:139)
[error] 
[error] Error: An unexpected error has occurred.
[debug] [2026-09-08T16:18:00.400Z] Error: write EPIPE
    at afterWriteDispatched (node:internal/stream_base_commons:159:15)
    at writeGeneric (node:internal/stream_base_commons:150:3)
    at Socket._writeGeneric (node:net:967:11)
    at Socket._write (node:net:979:8)
    at writeOrBuffer (node:internal/streams/writable:572:12)
    at _write (node:internal/streams/writable:501:10)
    at Writable.write (node:internal/streams/writable:510:10)
    at Console.log (/home/chris/.nvm/versions/node/v22.23.2/lib/node_modules/firebase-tools/node_modules/winston/lib/winston/transports/console.js:87:23)
    at Console._write (/home/chris/.nvm/versions/node/v22.23.2/lib/node_modules/firebase-tools/node_modules/winston-transport/modern.js:103:17)
    at doWrite (/home/chris/.nvm/versions/node/v22.23.2/lib/node_modules/firebase-tools/node_modules/winston-transport/node_modules/readable-stream/lib/_stream_writable.js:390:139)
[error] 
[error] Error: An unexpected error has occurred.
[debug] [2026-09-08T16:18:00.401Z] Error: write EPIPE
    at afterWriteDispatched (node:internal/stream_base_commons:159:15)
    at writeGeneric (node:internal/stream_base_commons:150:3)
    at Socket._writeGeneric (node:net:967:11)
    at Socket._write (node:net:979:8)
    at writeOrBuffer (node:internal/streams/writable:572:12)
    at _write (node:internal/streams/writable:501:10)
    at Writable.write (node:internal/streams/writable:510:10)
    at Console.log (/home/chris/.nvm/versions/node/v22.23.2/lib/node_modules/firebase-tools/node_modules/winston/lib/winston/transports/console.js:87:23)
    at Console._write (/home/chris/.nvm/versions/node/v22.23.2/lib/node_modules/firebase-tools/node_modules/winston-transport/modern.js:103:17)
    at doWrite (/home/chris/.nvm/versions/node/v22.23.2/lib/node_modules/firebase-tools/node_modules/winston-transport/node_modules/readable-stream/lib/_stream_writable.js:390:139)
[error] 
[error] Error: An unexpected error has occurred.
[debug] [2026-09-08T16:18:00.401Z] Error: write EPIPE
    at afterWriteDispatched (node:internal/stream_base_commons:159:15)
    at writeGeneric (node:internal/stream_base_commons:150:3)
    at Socket._writeGeneric (node:net:967:11)
    at Socket._write (node:net:979:8)
    at writeOrBuffer (node:internal/streams/writable:572:12)
    at _write (node:internal/streams/writable:501:10)
    at Writable.write (node:internal/streams/writable:510:10)
    at Console.log (/home/chris/.nvm/versions/node/v22.23.2/lib/node_modules/firebase-tools/node_modules/winston/lib/winston/transports/console.js:87:23)
    at Console._write (/home/chris/.nvm/versions/node/v22.23.2/lib/node_modules/firebase-tools/node_modules/winston-transport/modern.js:103:17)
    at doWrite (/home/chris/.nvm/versions/node/v22.23.2/lib/node_modules/firebase-tools/node_modules/winston-transport/node_modules/readable-stream/lib/_stream_writable.js:390:139)
[error] 
[error] Error: An unexpected error has occurred.
[debug] [2026-09-08T16:18:00.402Z] Error: write EPIPE
    at afterWriteDispatched (node:internal/stream_base_commons:159:15)
    at writeGeneric (node:internal/stream_base_commons:150:3)
    at Socket._writeGeneric (node:net:967:11)
    at Socket._write (node:net:979:8)
    at writeOrBuffer (node:internal/streams/writable:572:12)
    at _write (node:internal/streams/writable:501:10)
    at Writable.write (node:internal/streams/writable:510:10)
    at Console.log (/home/chris/.nvm/versions/node/v22.23.2/lib/node_modules/firebase-tools/node_modules/winston/lib/winston/transports/console.js:87:23)
    at Console._write (/home/chris/.nvm/versions/node/v22.23.2/lib/node_modules/firebase-tools/node_modules/winston-transport/modern.js:103:17)
    at doWrite (/home/chris/.nvm/versions/node/v22.23.2/lib/node_modules/firebase-tools/node_modules/winston-transport/node_modules/readable-stream/lib/_stream_writable.js:390:139)
[error] 
[error] Error: An unexpected error has occurred.
[debug] [2026-09-08T16:18:00.402Z] Error: write EPIPE
    at afterWriteDispatched (node:internal/stream_base_commons:159:15)
    at writeGeneric (node:internal/stream_base_commons:150:3)
    at Socket._writeGeneric (node:net:967:11)
    at Socket._write (node:net:979:8)
    at writeOrBuffer (node:internal/streams/writable:572:12)
    at _write (node:internal/streams/writable:501:10)
    at Writable.write (node:internal/streams/writable:510:10)
    at Console.log (/home/chris/.nvm/versions/node/v22.23.2/lib/node_modules/firebase-tools/node_modules/winston/lib/winston/transports/console.js:87:23)
    at Console._write (/home/chris/.nvm/versions/node/v22.23.2/lib/node_modules/firebase-tools/node_modules/winston-transport/modern.js:103:17)
    at doWrite (/home/chris/.nvm/versions/node/v22.23.2/lib/node_modules/firebase-tools/node_modules/winston-transport/node_modules/readable-stream/lib/_stream_writable.js:390:139)
[error] 
[error] Error: An unexpected error has occurred.
[debug] [2026-09-08T16:18:00.402Z] Error: write EPIPE
    at afterWriteDispatched (node:internal/stream_base_commons:159:15)
    at writeGeneric (node:internal/stream_base_commons:150:3)
    at Socket._writeGeneric (node:net:967:11)
    at Socket._write (node:net:979:8)
    at writeOrBuffer (node:internal/streams/writable:572:12)
    at _write (node:internal/streams/writable:501:10)
    at Writable.write (node:internal/streams/writable:510:10)
    at Console.log (/home/chris/.nvm/versions/node/v22.23.2/lib/node_modules/firebase-tools/node_modules/winston/lib/winston/transports/console.js:87:23)
    at Console._write (/home/chris/.nvm/versions/node/v22.23.2/lib/node_modules/firebase-tools/node_modules/winston-transport/modern.js:103:17)
    at doWrite (/home/chris/.nvm/versions/node/v22.23.2/lib/node_modules/firebase-tools/node_modules/winston-transport/node_modules/readable-stream/lib/_stream_writable.js:390:139)
[error] 
[error] Error: An unexpected error has occurred.
[debug] [2026-09-08T16:18:00.402Z] Error: write EPIPE
    at afterWriteDispatched (node:internal/stream_base_commons:159:15)
    at writeGeneric (node:internal/stream_base_commons:150:3)
    at Socket._writeGeneric (node:net:967:11)
    at Socket._write (node:net:979:8)
    at writeOrBuffer (node:internal/streams/writable:572:12)
    at _write (node:internal/streams/writable:501:10)
    at Writable.write (node:internal/streams/writable:510:10)
    at Console.log (/home/chris/.nvm/versions/node/v22.23.2/lib/node_modules/firebase-tools/node_modules/winston/lib/winston/transports/console.js:87:23)
    at Console._write (/home/chris/.nvm/versions/node/v22.23.2/lib/node_modules/firebase-tools/node_modules/winston-transport/modern.js:103:17)
    at doWrite (/home/chris/.nvm/versions/node/v22.23.2/lib/node_modules/firebase-tools/node_modules/winston-transport/node_modules/readable-stream/lib/_stream_writable.js:390:139)
[error] 
[error] Error: An unexpected error has occurred.
[debug] [2026-09-08T16:18:00.403Z] Error: write EPIPE
    at afterWriteDispatched (node:internal/stream_base_commons:159:15)
    at writeGeneric (node:internal/stream_base_commons:150:3)
    at Socket._writeGeneric (node:net:967:11)
    at Socket._write (node:net:979:8)
    at writeOrBuffer (node:internal/streams/writable:572:12)
    at _write (node:internal/streams/writable:501:10)
    at Writable.write (node:internal/streams/writable:510:10)
    at Console.log (/home/chris/.nvm/versions/node/v22.23.2/lib/node_modules/firebase-tools/node_modules/winston/lib/winston/transports/console.js:87:23)
    at Console._write (/home/chris/.nvm/versions/node/v22.23.2/lib/node_modules/firebase-tools/node_modules/winston-transport/modern.js:103:17)
    at doWrite (/home/chris/.nvm/versions/node/v22.23.2/lib/node_modules/firebase-tools/node_modules/winston-transport/node_modules/readable-stream/lib/_stream_writable.js:390:139)
[error] 
[error] Error: An unexpected error has occurred.
[debug] [2026-09-08T16:18:00.403Z] Error: write EPIPE
    at afterWriteDispatched (node:internal/stream_base_commons:159:15)
    at writeGeneric (node:internal/stream_base_commons:150:3)
    at Socket._writeGeneric (node:net:967:11)
    at Socket._write (node:net:979:8)
    at writeOrBuffer (node:internal/streams/writable:572:12)
    at _write (node:internal/streams/writable:501:10)
    at Writable.write (node:internal/streams/writable:510:10)
    at Console.log (/home/chris/.nvm/versions/node/v22.23.2/lib/node_modules/firebase-tools/node_modules/winston/lib/winston/transports/console.js:87:23)
    at Console._write (/home/chris/.nvm/versions/node/v22.23.2/lib/node_modules/firebase-tools/node_modules/winston-transport/modern.js:103:17)
    at doWrite (/home/chris/.nvm/versions/node/v22.23.2/lib/node_modules/firebase-tools/node_modules/winston-transport/node_modules/readable-stream/lib/_stream_writable.js:390:139)
[error] 
[error] Error: An unexpected error has occurred.
[debug] [2026-09-08T16:18:00.403Z] Error: write EPIPE
    at afterWriteDispatched (node:internal/stream_base_commons:159:15)
    at writeGeneric (node:internal/stream_base_commons:150:3)
    at Socket._writeGeneric (node:net:967:11)
    at Socket._write (node:net:979:8)
    at writeOrBuffer (node:internal/streams/writable:572:12)
    at _write (node:internal/streams/writable:501:10)
    at Writable.write (node:internal/streams/writable:510:10)
    at Console.log (/home/chris/.nvm/versions/node/v22.23.2/lib/node_modules/firebase-tools/node_modules/winston/lib/winston/transports/console.js:87:23)
    at Console._write (/home/chris/.nvm/versions/node/v22.23.2/lib/node_modules/firebase-tools/node_modules/winston-transport/modern.js:103:17)
    at doWrite (/home/chris/.nvm/versions/node/v22.23.2/lib/node_modules/firebase-tools/node_modules/winston-transport/node_modules/readable-stream/lib/_stream_writable.js:390:139)
[error] 
[error] Error: An unexpected error has occurred.
[debug] [2026-09-08T16:18:00.404Z] Error: write EPIPE
    at afterWriteDispatched (node:internal/stream_base_commons:159:15)
    at writeGeneric (node:internal/stream_base_commons:150:3)
    at Socket._writeGeneric (node:net:967:11)
    at Socket._write (node:net:979:8)
    at writeOrBuffer (node:internal/streams/writable:572:12)
    at _write (node:internal/streams/writable:501:10)
    at Writable.write (node:internal/streams/writable:510:10)
    at Console.log (/home/chris/.nvm/versions/node/v22.23.2/lib/node_modules/firebase-tools/node_modules/winston/lib/winston/transports/console.js:87:23)
    at Console._write (/home/chris/.nvm/versions/node/v22.23.2/lib/node_modules/firebase-tools/node_modules/winston-transport/modern.js:103:17)
    at doWrite (/home/chris/.nvm/versions/node/v22.23.2/lib/node_modules/firebase-tools/node_modules/winston-transport/node_modules/readable-stream/lib/_stream_writable.js:390:139)
[error] 
[error] Error: An unexpected error has occurred.
[debug] [2026-09-08T16:18:00.404Z] Error: write EPIPE
    at afterWriteDispatched (node:internal/stream_base_commons:159:15)
    at writeGeneric (node:internal/stream_base_commons:150:3)
    at Socket._writeGeneric (node:net:967:11)
    at Socket._write (node:net:979:8)
    at writeOrBuffer (node:internal/streams/writable:572:12)
    at _write (node:internal/streams/writable:501:10)
    at Writable.write (node:internal/streams/writable:510:10)
    at Console.log (/home/chris/.nvm/versions/node/v22.23.2/lib/node_modules/firebase-tools/node_modules/winston/lib/winston/transports/console.js:87:23)
    at Console._write (/home/chris/.nvm/versions/node/v22.23.2/lib/node_modules/firebase-tools/node_modules/winston-transport/modern.js:103:17)
    at doWrite (/home/chris/.nvm/versions/node/v22.23.2/lib/node_modules/firebase-tools/node_modules/winston-transport/node_modules/readable-stream/lib/_stream_writable.js:390:139)
[error] 
[error] Error: An unexpected error has occurred.
[debug] [2026-09-08T16:18:00.404Z] Error: write EPIPE
    at afterWriteDispatched (node:internal/stream_base_commons:159:15)
    at writeGeneric (node:internal/stream_base_commons:150:3)
    at Socket._writeGeneric (node:net:967:11)
    at Socket._write (node:net:979:8)
    at writeOrBuffer (node:internal/streams/writable:572:12)
    at _write (node:internal/streams/writable:501:10)
    at Writable.write (node:internal/streams/writable:510:10)
    at Console.log (/home/chris/.nvm/versions/node/v22.23.2/lib/node_modules/firebase-tools/node_modules/winston/lib/winston/transports/console.js:87:23)
    at Console._write (/home/chris/.nvm/versions/node/v22.23.2/lib/node_modules/firebase-tools/node_modules/winston-transport/modern.js:103:17)
    at doWrite (/home/chris/.nvm/versions/node/v22.23.2/lib/node_modules/firebase-tools/node_modules/winston-transport/node_modules/readable-stream/lib/_stream_writable.js:390:139)
[error] 
[error] Error: An unexpected error has occurred.
[debug] [2026-09-08T16:18:00.404Z] Error: write EPIPE
    at afterWriteDispatched (node:internal/stream_base_commons:159:15)
    at writeGeneric (node:internal/stream_base_commons:150:3)
    at Socket._writeGeneric (node:net:967:11)
    at Socket._write (node:net:979:8)
    at writeOrBuffer (node:internal/streams/writable:572:12)
    at _write (node:internal/streams/writable:501:10)
    at Writable.write (node:internal/streams/writable:510:10)
    at Console.log (/home/chris/.nvm/versions/node/v22.23.2/lib/node_modules/firebase-tools/node_modules/winston/lib/winston/transports/console.js:87:23)
    at Console._write (/home/chris/.nvm/versions/node/v22.23.2/lib/node_modules/firebase-tools/node_modules/winston-transport/modern.js:103:17)
    at doWrite (/home/chris/.nvm/versions/node/v22.23.2/lib/node_modules/firebase-tools/node_modules/winston-transport/node_modules/readable-stream/lib/_stream_writable.js:390:139)
[error] 
[error] Error: An unexpected error has occurred.
[debug] [2026-09-08T16:18:00.405Z] Error: write EPIPE
    at afterWriteDispatched (node:internal/stream_base_commons:159:15)
    at writeGeneric (node:internal/stream_base_commons:150:3)
    at Socket._writeGeneric (node:net:967:11)
    at Socket._write (node:net:979:8)
    at writeOrBuffer (node:internal/streams/writable:572:12)
    at _write (node:internal/streams/writable:501:10)
    at Writable.write (node:internal/streams/writable:510:10)
    at Console.log (/home/chris/.nvm/versions/node/v22.23.2/lib/node_modules/firebase-tools/node_modules/winston/lib/winston/transports/console.js:87:23)
    at Console._write (/home/chris/.nvm/versions/node/v22.23.2/lib/node_modules/firebase-tools/node_modules/winston-transport/modern.js:103:17)
    at doWrite (/home/chris/.nvm/versions/node/v22.23.2/lib/node_modules/firebase-tools/node_modules/winston-transport/node_modules/readable-stream/lib/_stream_writable.js:390:139)
[error] 
[error] Error: An unexpected error has occurred.
[debug] [2026-09-08T16:18:00.405Z] Error: write EPIPE
    at afterWriteDispatched (node:internal/stream_base_commons:159:15)
    at writeGeneric (node:internal/stream_base_commons:150:3)
    at Socket._writeGeneric (node:net:967:11)
    at Socket._write (node:net:979:8)
    at writeOrBuffer (node:internal/streams/writable:572:12)
    at _write (node:internal/streams/writable:501:10)
    at Writable.write (node:internal/streams/writable:510:10)
    at Console.log (/home/chris/.nvm/versions/node/v22.23.2/lib/node_modules/firebase-tools/node_modules/winston/lib/winston/transports/console.js:87:23)
    at Console._write (/home/chris/.nvm/versions/node/v22.23.2/lib/node_modules/firebase-tools/node_modules/winston-transport/modern.js:103:17)
    at doWrite (/home/chris/.nvm/versions/node/v22.23.2/lib/node_modules/firebase-tools/node_modules/winston-transport/node_modules/readable-stream/lib/_stream_writable.js:390:139)
[error] 
[error] Error: An unexpected error has occurred.
[debug] [2026-09-08T16:18:00.405Z] Error: write EPIPE
    at afterWriteDispatched (node:internal/stream_base_commons:159:15)
    at writeGeneric (node:internal/stream_base_commons:150:3)
    at Socket._writeGeneric (node:net:967:11)
    at Socket._write (node:net:979:8)
    at writeOrBuffer (node:internal/streams/writable:572:12)
    at _write (node:internal/streams/writable:501:10)
    at Writable.write (node:internal/streams/writable:510:10)
    at Console.log (/home/chris/.nvm/versions/node/v22.23.2/lib/node_modules/firebase-tools/node_modules/winston/lib/winston/transports/console.js:87:23)
    at Console._write (/home/chris/.nvm/versions/node/v22.23.2/lib/node_modules/firebase-tools/node_modules/winston-transport/modern.js:103:17)
    at doWrite (/home/chris/.nvm/versions/node/v22.23.2/lib/node_modules/firebase-tools/node_modules/winston-transport/node_modules/readable-stream/lib/_stream_writable.js:390:139)
[error] 
[error] Error: An unexpected error has occurred.
[debug] [2026-09-08T16:18:00.405Z] Error: write EPIPE
    at afterWriteDispatched (node:internal/stream_base_commons:159:15)
    at writeGeneric (node:internal/stream_base_commons:150:3)
    at Socket._writeGeneric (node:net:967:11)
    at Socket._write (node:net:979:8)
    at writeOrBuffer (node:internal/streams/writable:572:12)
    at _write (node:internal/streams/writable:501:10)
    at Writable.write (node:internal/streams/writable:510:10)
    at Console.log (/home/chris/.nvm/versions/node/v22.23.2/lib/node_modules/firebase-tools/node_modules/winston/lib/winston/transports/console.js:87:23)
    at Console._write (/home/chris/.nvm/versions/node/v22.23.2/lib/node_modules/firebase-tools/node_modules/winston-transport/modern.js:103:17)
    at doWrite (/home/chris/.nvm/versions/node/v22.23.2/lib/node_modules/firebase-tools/node_modules/winston-transport/node_modules/readable-stream/lib/_stream_writable.js:390:139)
[error] 
[error] Error: An unexpected error has occurred.
[debug] [2026-09-08T16:18:00.406Z] Error: write EPIPE
    at afterWriteDispatched (node:internal/stream_base_commons:159:15)
    at writeGeneric (node:internal/stream_base_commons:150:3)
    at Socket._writeGeneric (node:net:967:11)
    at Socket._write (node:net:979:8)
    at writeOrBuffer (node:internal/streams/writable:572:12)
    at _write (node:internal/streams/writable:501:10)
    at Writable.write (node:internal/streams/writable:510:10)
    at Console.log (/home/chris/.nvm/versions/node/v22.23.2/lib/node_modules/firebase-tools/node_modules/winston/lib/winston/transports/console.js:87:23)
    at Console._write (/home/chris/.nvm/versions/node/v22.23.2/lib/node_modules/firebase-tools/node_modules/winston-transport/modern.js:103:17)
    at doWrite (/home/chris/.nvm/versions/node/v22.23.2/lib/node_modules/firebase-tools/node_modules/winston-transport/node_modules/readable-stream/lib/_stream_writable.js:390:139)
[error] 
[error] Error: An unexpected error has occurred.
[debug] [2026-09-08T16:18:00.406Z] Error: write EPIPE
    at afterWriteDispatched (node:internal/stream_base_commons:159:15)
    at writeGeneric (node:internal/stream_base_commons:150:3)
    at Socket._writeGeneric (node:net:967:11)
    at Socket._write (node:net:979:8)
    at writeOrBuffer (node:internal/streams/writable:572:12)
    at _write (node:internal/streams/writable:501:10)
    at Writable.write (node:internal/streams/writable:510:10)
    at Console.log (/home/chris/.nvm/versions/node/v22.23.2/lib/node_modules/firebase-tools/node_modules/winston/lib/winston/transports/console.js:87:23)
    at Console._write (/home/chris/.nvm/versions/node/v22.23.2/lib/node_modules/firebase-tools/node_modules/winston-transport/modern.js:103:17)
    at doWrite (/home/chris/.nvm/versions/node/v22.23.2/lib/node_modules/firebase-tools/node_modules/winston-transport/node_modules/readable-stream/lib/_stream_writable.js:390:139)
